,1,2,3
0.0,7.502899849842939e-08,3.6314587722750162e-09,1.8322985135562063e-15
0.01,7.749643248051443e-08,3.861253221196464e-09,2.0695671568884142e-15
0.02,8.00421752807361e-08,4.105152391912893e-09,2.3370840645279785e-15
0.03,8.266861177261532e-08,4.363993069533869e-09,2.638642384330014e-15
0.04,8.537819599217955e-08,4.6386598069492445e-09,2.9785026930279938e-15
0.05,8.817345302699884e-08,4.930087533228466e-09,3.361449538060329e-15
0.06,9.105698095300556e-08,5.239264297180243e-09,3.7928546846861415e-15
0.07,9.403145282016427e-08,5.567234152642491e-09,4.278747846845771e-15
0.08,9.70996186881194e-08,5.915100192365693e-09,4.825895768536511e-15
0.09,1.0026430771293273e-07,6.284027737658164e-09,5.4418906205759486e-15
0.1,1.0352843028605863e-07,6.675247691283893e-09,6.1352487865573036e-15
0.11,1.0689498022674899e-07,7.0900600614280935e-09,6.9155212327059655e-15
0.12,1.1036703702905834e-07,7.529837664894392e-09,7.793416790542769e-15
0.13,1.139477681646661e-07,7.996030018050084e-09,8.780939830133266e-15
0.14,1.1764043144278736e-07,8.49016742441383e-09,9.89154396684161e-15
0.15,1.2144837742838703e-07,9.013865268154674e-09,1.1140303627608034e-14
0.16,1.2537505192000192e-07,9.568828523178907e-09,1.2544105505770646e-14
0.17,1.2942399848850087e-07,1.0156856487895878e-08,1.4121862158407329e-14
0.18,1.335988610780669e-07,1.0779847756178248e-08,1.5894750249453544e-14
0.19,1.3790338667080132e-07,1.143980543548418e-08,1.7886476217916833e-14
0.2,1.42341428016309e-07,1.213884262357297e-08,2.0123572456259768e-14
0.21,1.469169464276657e-07,1.2879188155717023e-08,2.263572742247605e-14
0.22,1.5163401464519155e-07,1.3663192634818436e-08,2.5456153483991192e-14
0.23,1.5649681976953026e-07,1.4493334757358267e-08,2.862199670594558e-14
0.24,1.6150966626544004e-07,1.537222794862207e-08,3.2174793254899473e-14
0.25,1.6667697903786444e-07,1.63026273212202e-08,3.616097759594046e-14
0.26,1.7200330658175873e-07,1.7287436971476475e-08,4.063244822161479e-14
0.27,1.7749332420730663e-07,1.832971762886717e-08,4.564719727054083e-14
0.28,1.8315183734201633e-07,1.943269467428455e-08,5.127001107788507e-14
0.29,1.8898378491137823e-07,2.059976654356023e-08,5.75732494558917e-14
0.3,1.9499424279966979e-07,2.183451353330728e-08,6.463771233735313e-14
0.31,2.01188427392624e-07,2.3140707026849844e-08,7.255360333644219e-14
0.32,2.0757169920361057e-07,2.4522319158689305e-08,8.142160079849326e-14
0.33,2.141495665850424e-07,2.598353293667804e-08,9.135404803214156e-14
0.34,2.2092768952680535e-07,2.7528752841837275e-08,1.0247627565525786e-13
0.35000000000000003,2.2791188354342802e-07,2.916261592650845e-08,1.1492807035062873e-13
0.36,2.351081236518124e-07,3.089000343233055e-08,1.2886530583197403e-13
0.37,2.4252254844137495e-07,3.2716052950363764e-08,1.4446175347873096e-13
0.38,2.501614642384474e-07,3.46461711465146e-08,1.6191109192498276e-13
0.39,2.5803134936677984e-07,3.6686047076303904e-08,1.814291368995054e-13
0.4,2.6613885850615355e-07,3.884166611390962e-08,2.0325631482921924e-13
0.41000000000000003,2.744908271509471e-07,4.111932452134987e-08,2.2766040615712797e-13
0.42,2.8309427617070983e-07,4.3525644684622567e-08,2.549395870087159e-13
0.43,2.919564164747109e-07,4.606759104461863e-08,2.8542580079304237e-13
0.44,3.0108465378248987e-07,4.875248675160468e-08,3.1948849457140946e-13
0.45,3.1048659350249663e-07,5.1588031073147944e-08,3.575387585956828e-13
0.46,3.201700457208579e-07,5.4582317586405e-08,4.0003391134179033e-13
0.47000000000000003,3.301430303025197e-07,5.774385318681523e-08,4.474825766748069e-13
0.48,3.4041378210673544e-07,6.108157794635274e-08,5.004503045173066e-13
0.49,3.509907563192446e-07,6.460488585566805e-08,5.595657915930308e-13
0.5,3.6188263390321847e-07,6.832364648563171e-08,6.255277645257732e-13
0.51,3.730983271713763e-07,7.224822760503652e-08,6.991125938400828e-13
0.52,3.846469854813723e-07,7.638951879246704e-08,7.811827142825262e-13
0.53,3.9653800105683186e-07,8.075895608159097e-08,8.726959344214714e-13
0.54,4.0878101493644184e-07,8.536854768054759e-08,9.747157267513712e-13
0.55,4.213859230532934e-07,9.02309008073315e-08,1.0884225985859087e-12
0.56,4.343628824470219e-07,9.535924968460069e-08,1.2151266539556865e-12
0.5700000000000001,4.477223176110893e-07,1.0076748473861571e-07,1.3562814676007186e-12
0.58,4.614749269776762e-07,1.0647018304858965e-07,1.5134994040607456e-12
0.59,4.756316895426284e-07,1.1248264009412065e-07,1.688568527904606e-12
0.6,4.902038716330935e-07,1.1882090284997032e-07,1.883471265412342e-12
0.61,5.052030338202015e-07,1.2550180427896338e-07,2.100404993636536e-12
0.62,5.206410379795264e-07,1.3254299927535717e-07,2.3418047498464133e-12
0.63,5.365300545018611e-07,1.399630021126694e-07,2.6103682730310174e-12
0.64,5.528825696568768e-07,1.4778122545163224e-07,2.9090836095446194e-12
0.65,5.697113931125056e-07,1.560180209655325e-07,3.2412595372827047e-12
0.66,5.870296656124191e-07,1.6469472164195386e-07,3.6105590871306653e-12
0.67,6.048508668147436e-07,1.7383368582179493e-07,4.021036467032758e-12
0.68,6.231888232943656e-07,1.8345834303795764e-07,4.477177723065434e-12
0.6900000000000001,6.420577167117474e-07,1.9359324171813627e-07,4.983945503586802e-12
0.7000000000000001,6.614720921512185e-07,2.0426409881788048e-07,5.546828327105055e-12
0.71,6.814468666312423e-07,2.154978514519627e-07,6.17189479220928e-12
0.72,7.019973377897773e-07,2.2732271059394857e-07,6.865853209004701e-12
0.73,7.231391927474584e-07,2.3976821691584815e-07,7.636117176294579e-12
0.74,7.448885171516231e-07,2.528652988416119e-07,8.490877677541133e-12
0.75,7.672618044040435e-07,2.666463328902746e-07,9.43918232181163e-12
0.76,7.902759650752405e-07,2.811452063863565e-07,1.0491022413757949e-11
0.77,8.139483365086164e-07,2.9639738261744717e-07,1.1657428599682273e-11
0.78,8.382966926170662e-07,3.124399685205269e-07,1.295057590525967e-11
0.79,8.633392538753825e-07,3.293117849811327e-07,1.438389905504403e-11
0.8,8.890946975114063e-07,3.470534398309576e-07,1.5972219044880047e-11
0.81,9.155821678989278e-07,3.6570740363203837e-07,1.7731882026487144e-11
0.8200000000000001,9.428212871554863e-07,3.8531808833758547e-07,1.9680911659147575e-11
0.8300000000000001,9.708321659482396e-07,4.059319289215139e-07,2.1839176187399663e-11
0.84,9.996354145110091e-07,4.275974680710099e-07,2.4228571616512185e-11
0.85,1.0292521538754708e-06,4.5036544403852085e-07,2.687322248002502e-11
0.86,1.0597040273200708e-06,4.742888817516943e-07,2.979970182659042e-11
0.87,1.0910132120393827e-06,4.994231872817408e-07,3.303727219748157e-11
0.88,1.1232024310375046e-06,5.258262457731842e-07,3.661814952254745e-11
0.89,1.1562949652483394e-06,5.535585229394992e-07,4.057779203178135e-11
0.9,1.1903146658865483e-06,5.826831702321103e-07,4.4955216463281324e-11
0.91,1.2252859670317523e-06,6.13266133791079e-07,4.979334404723665e-11
0.92,1.2612338984496426e-06,6.453762672891158e-07,5.513937896089682e-11
0.93,1.298184098653429e-06,6.790854487817648e-07,6.104522218246864e-11
0.9400000000000001,1.3361628282084013e-06,7.144687016790747e-07,6.756792392404782e-11
0.9500000000000001,1.3751969832833136e-06,7.51604319955631e-07,7.477017809632603e-11
0.96,1.4153141094516878e-06,7.905739977183133e-07,8.272086255265602e-11
0.97,1.456542415746543e-06,8.314629632526588e-07,9.14956291786661e-11
0.98,1.4989107889715181e-06,8.743601176705445e-07,1.0117754823767118e-10
0.99,1.5424488082720167e-06,9.19358178284225e-07,1.1185781175415627e-10
1.0,1.58718675996965e-06,9.665538268328938e-07,1.2363650111851527e-10
1.01,1.6331556526630611e-06,1.0160478626899444e-06,1.3662342452938929e-10
1.02,1.6803872325986082e-06,1.0679453611807753e-06,1.5093903035727677e-10
1.03,1.7289139993143203e-06,1.1223558371426203e-06,1.667154030162751e-10
1.04,1.7787692215603162e-06,1.179393413858907e-06,1.840973484741393e-10
1.05,1.829986953498737e-06,1.2391769975026802e-06,2.0324357711571533e-10
1.06,1.8826020511870506e-06,1.301830457224537e-06,2.2432799230448153e-10
1.07,1.936650189347522e-06,1.3674828110216153e-06,2.47541093665794e-10
1.08,1.9921678784261926e-06,1.4362684175255556e-06,2.7309150484472566e-10
1.09,2.0491924819449207e-06,1.508327173848537e-06,3.012076362775788e-10
1.1,2.1077622341493124e-06,1.5838047196265455e-06,3.3213949435945225e-10
1.11,2.167916257955984e-06,1.6628526474003665e-06,3.661606492988635e-10
1.12,2.2296945832025196e-06,1.745628719475499e-06,4.035703749256637e-10
1.1300000000000001,2.2931381652027564e-06,1.8322970914020981e-06,4.4469597476509744e-10
1.1400000000000001,2.358288903611179e-06,1.9230285422166787e-06,4.898953098166594e-10
1.1500000000000001,2.425189661599145e-06,2.018000711587188e-06,5.395595446827489e-10
1.16,2.4938842853459367e-06,2.1173983440032642e-06,5.941161299860712e-10
1.17,2.5644176238484217e-06,2.2214135401528734e-06,6.540320404045035e-10
1.18,2.636835549051335e-06,2.330246015626781e-06,7.198172891380498e-10
1.19,2.711184976301719e-06,2.4441033670900807e-06,7.920287412183975e-10
1.2,2.7875138851307394e-06,2.563201346060966e-06,8.712742497771506e-10
1.21,2.8658713403650095e-06,2.6877641404351567e-06,9.582171412164662e-10
1.22,2.946307513570964e-06,2.8180246638917874e-06,1.0535810771818172e-09
1.23,3.028873704834884e-06,2.9542248533172815e-06,1.1581553233262687e-09
1.24,3.1136223648810938e-06,3.0966159743792724e-06,1.2728004570905892e-09
1.25,3.200607117531178e-06,3.2454589353832946e-06,1.398454549115625e-09
1.26,3.289882782507086e-06,3.4010246095397077e-06,1.5361398554482716e-09
1.27,3.3815053985805306e-06,3.5635941657673585e-06,1.6869700604326604e-09
1.28,3.475532247070761e-06,3.733459408157581e-06,1.8521581130785801e-09
1.29,3.572021875694088e-06,3.910923124216969e-06,2.033024702804429e-09
1.3,3.6710341227667245e-06,4.096299442005886e-06,2.231007423752449e-09
1.31,3.7726301417631636e-06,4.289914196283641e-06,2.4476706803967533e-09
1.32,3.8768724262336284e-06,4.492105303768581e-06,2.684716390919551e-09
1.33,3.983824835080752e-06,4.703223147615479e-06,2.943995548819087e-09
1.34,4.093552618199073e-06,4.923630971206956e-06,3.22752070746233e-09
1.35,4.206122442478737e-06,5.153705281351808e-06,3.537479456823681e-09
1.36,4.3216024181747975e-06,5.393836260974394e-06,3.8762489664401016e-09
1.37,4.440062125645386e-06,5.644428191377774e-06,4.246411673734549e-09
1.3800000000000001,4.561572642458518e-06,5.9058998841489944e-06,4.650772202268586e-09
1.3900000000000001,4.6862065708700714e-06,6.178685122774084e-06,5.092375600245117e-09
1.4000000000000001,4.814038065674879e-06,6.463233114020396e-06,5.57452699568991e-09
1.41,4.945142862430977e-06,6.760008949133529e-06,6.100812771202971e-09
1.42,5.079598306059123e-06,7.069494074891214e-06,6.67512336805138e-09
1.43,5.217483379818901e-06,7.392186774544407e-06,7.301677836621663e-09
1.44,5.358878734661256e-06,7.728602658665674e-06,7.985050257956052e-09
1.45,5.503866718958911e-06,8.079275165916493e-06,8.730198169238885e-09
1.46,5.6525314086162555e-06,8.444756073736938e-06,9.542493134700353e-09
1.47,5.804958637557518e-06,8.825616018938048e-06,1.042775361250985e-08
1.48,5.961236028594375e-06,9.222445028182809e-06,1.1392280277854274e-08
1.49,6.121453024674014e-06,9.635853058312591e-06,1.2442893972510616e-08
1.5,6.285700920506599e-06,1.0066470546475744e-05,1.3586976461989087e-08
1.51,6.454072894572125e-06,1.0514948969988073e-05,1.483251419253892e-08
1.52,6.626664041507669e-06,1.0981961415854887e-05,1.6188145252285454e-08
1.53,6.803571404873e-06,1.1468203159860162e-05,1.7663209753248623e-08
1.54,6.984894010294229e-06,1.1974392255109161e-05,1.926780386420225e-08
1.55,7.170732898986618e-06,1.2501270129910927e-05,2.1012837738233523e-08
1.56,7.3611911616525495e-06,1.304960219484851e-05,2.2910097593401477e-08
1.57,7.556373972755805e-06,1.3620178458885232e-05,2.4972312220301845e-08
1.58,7.75638862516973e-06,1.4213814154325521e-05,2.7213224206357693e-08
1.59,7.961344565197357e-06,1.4831350370437215e-05,2.964766618358927e-08
1.6,8.171353427963933e-06,1.547365469551738e-05,3.2291642424353244e-08
1.61,8.386529073176362e-06,1.614162186716816e-05,3.516241612800438e-08
1.62,8.606987621249524e-06,1.6836174430520354e-05,3.827860276095136e-08
1.6300000000000001,8.832847489797847e-06,1.755826340413457e-05,4.1660269832898304e-08
1.6400000000000001,9.064229430486198e-06,1.830886895326911e-05,4.532904351322003e-08
1.6500000000000001,9.301256566240463e-06,1.9089001070196035e-05,4.930822251376051e-08
1.6600000000000001,9.544054428813231e-06,1.9899700261221998e-05,5.362289968749231e-08
1.67,9.792750996700485e-06,2.0742038240029536e-05,5.8300091816535974e-08
1.68,1.0047476733406172e-05,2.1617118626951076e-05,6.336887808847582e-08
1.69,1.0308364626051607e-05,2.2526077653749256e-05,6.886054778592587e-08
1.7,1.0575550224324175e-05,2.347008487345734e-05,7.480875774187138e-08
1.71,1.0849171679760312e-05,2.4450343874794702e-05,8.124970014149658e-08
1.72,1.1129369785360482e-05,2.546809300066246e-05,8.822228128082338e-08
1.73,1.1416288015527617e-05,2.652460607018072e-05,9.576831192327905e-08
1.74,1.1710072566326393e-05,2.7621193103703718e-05,1.0393270992670672e-07
1.75,1.2010872396056472e-05,2.8759201050231348e-05,1.1276371584665271e-07
1.76,1.2318839266133359e-05,2.99400145165821e-05,1.2231312225565475e-07
1.77,1.2634127782270804e-05,3.116505649768141e-05,1.3263651755329698e-07
1.78,1.2956895435958973e-05,3.2435789107279876e-05,1.4379354507863845e-07
1.79,1.3287302646228198e-05,3.375371430838604e-05,1.5584817837359472e-07
1.8,1.3625512801697331e-05,3.5120374642668724e-05,1.688690134851751e-07
1.81,1.397169230289092e-05,3.653735395802857e-05,1.8292957923365485e-07
1.82,1.4326010604822818e-05,3.8006278133554126e-05,1.981086664151471e-07
1.83,1.4688640259836037e-05,3.952881580098347e-05,2.1449067694917914e-07
1.84,1.5059756960690729e-05,4.110667906180295e-05,2.3216599402440185e-07
1.85,1.5439539583888498e-05,4.2741624199066956e-05,2.5123137434052806e-07
1.86,1.58281702332278e-05,4.443545238297117e-05,2.717903635893439e-07
1.87,1.622583428357726e-05,4.619001036920808e-05,2.9395373636361585e-07
1.8800000000000001,1.6632720424855367e-05,4.8007191189051945e-05,3.17839961730352e-07
1.8900000000000001,1.70490207062128e-05,4.988893483015976e-05,3.4357569575220386e-07
1.9000000000000001,1.747493058039644e-05,5.183722890693238e-05,3.7129630228992633e-07
1.9100000000000001,1.791064894829069e-05,5.3854109319349644e-05,4.0114640346801116e-07
1.92,1.835637820362165e-05,5.594166089908731e-05,4.3328046123527225e-07
1.93,1.8812324277812555e-05,5.810201804170951e-05,4.6786339150378526e-07
1.94,1.9278696684974773e-05,6.0337365323710934e-05,5.050712123992963e-07
1.95,1.97557085670258e-05,6.264993810310026e-05,5.450917282077303e-07
1.96,2.0243576738916715e-05,6.50420231022486e-05,5.881252506554018e-07
1.97,2.0742521733955462e-05,6.751595897160652e-05,6.343853592088576e-07
1.98,2.1252767849214617e-05,7.00741368329401e-05,6.840997021353003e-07
1.99,2.1774543191002674e-05,7.271900080065946e-05,7.375108401123626e-07
2.0,2.2308079720388982e-05,7.54530484797391e-05,7.948771342290076e-07
2.0100000000000002,2.2853613298762717e-05,7.827883143880977e-05,8.56473680267941e-07
2.02,2.3411383733408517e-05,8.11989556568159e-05,9.225932912084795e-07
2.0300000000000002,2.3981634823088777e-05,8.421608194176224e-05,9.935475299398623e-07
2.04,2.456461440360459e-05,8.733292631987634e-05,1.0696677942167464e-06
2.05,2.516057439332421e-05,9.055226039361811e-05,1.1513064559383127e-06
2.06,2.5769770838660518e-05,9.387691166685317e-05,1.2388380568738041e-06
2.07,2.6392463959473915e-05,9.730976383552033e-05,1.332660562997119e-06
2.08,2.702891819438526e-05,0.0001008537570420444,1.4331966796340438e-06
2.09,2.7679402245978585e-05,0.0001045118880918179,1.5408952296622183e-06
2.1,2.834418912586912e-05,0.00010828721062989318,1.6562325970319136e-06
2.11,2.902355619961807e-05,0.00011218283527615043,1.7797142379123688e-06
2.12,2.9717785231474475e-05,0.00011620192971709675,1.9118762617874442e-06
2.13,3.042716242891932e-05,0.00012034771875248137,2.053287084851584e-06
2.14,3.1151978486985393e-05,0.00012462348429479174,2.2045491580686703e-06
2.15,3.189252863234049e-05,0.00012903256531984056,2.366300772270976e-06
2.16,3.2649112667095846e-05,0.00013357835776645776,2.539217942684516e-06
2.17,3.342203501232792e-05,0.00013826431438341188,2.724016375259262e-06
2.18,3.421160475128026e-05,0.00014309394452164921,2.921453517186494e-06
2.19,3.50181356722248e-05,0.00014807081386982864,3.132330693967507e-06
2.2,3.584194631095163e-05,0.00015319854413129138,3.35749533537503e-06
2.21,3.668335999286249e-05,0.0001584808126404162,3.597843292627141e-06
2.22,3.7542704874647055e-05,0.0001639213519164931,3.854321249054771e-06
2.23,3.8420313985503086e-05,0.00016952394915305743,4.127929226490592e-06
2.24,3.931652526787361e-05,0.0001752924456407329,4.419723189565708e-06
2.25,4.023168161768694e-05,0.00018123073612167384,4.73081775001947e-06
2.2600000000000002,4.116613092404732e-05,0.00018734276807360416,5.0623889730693175e-06
2.27,4.2120226108362465e-05,0.00019363254092147987,5.415677287778157e-06
2.2800000000000002,4.309432516286898e-05,0.00020010410517488415,5.791990503276623e-06
2.29,4.408879118853126e-05,0.00020676156148920726,6.192706932578429e-06
2.3000000000000003,4.510399243227155e-05,0.00021360905964870654,6.619278625592364e-06
2.31,4.6140302323508874e-05,0.00022065079746953816,7.0732347128084066e-06
2.32,4.719809950996943e-05,0.00022789101962099312,7.556184860982658e-06
2.33,4.82777678927318e-05,0.00023533401636296572,8.069822841952862e-06
2.34,4.937969666047455e-05,0.0002429841221979612,8.615930215566147e-06
2.35,5.05042803228983e-05,0.00025084571443583577,9.196380127471065e-06
2.36,5.165191874327277e-05,0.0002589232116696041,9.813141222326086e-06
2.37,5.28230171700838e-05,0.00026722107216051616,1.0468281672724537e-05
2.38,5.401798626774307e-05,0.0002757437921308852,1.1163973323898941e-05
2.39,5.5237242146316426e-05,0.000284495903963079,1.1902495953987055e-05
2.4,5.6481206390232314e-05,0.0002934819743030306,1.2686241649334415e-05
2.41,5.7750306085951237e-05,0.000302706602066962,1.3517719294040653e-05
2.42,5.9044973848527805e-05,0.0003121744163498599,1.439955917256528e-05
2.43,6.036564784704912e-05,0.0003218900742343175,1.533451768390157e-05
2.44,6.171277182888964e-05,0.00033185825849852134,1.6325482165445178e-05
2.45,6.30867951427796e-05,0.0003420836752223471,1.7375475824259265e-05
2.46,6.448817276057859e-05,0.00035257105129009753,1.848766277306406e-05
2.47,6.591736529779506e-05,0.0003633251317894093,1.9665353167802412e-05
2.48,6.737483903273814e-05,0.00037435067730484173,2.0912008443196848e-05
2.49,6.88610659243061e-05,0.0003856524611058003,2.2231246642220703e-05
2.5,7.037652362833511e-05,0.00039723526622767225,2.362684783486422e-05
2.5100000000000002,7.192169551250141e-05,0.0004091038824459973,2.510275962114406e-05
2.52,7.349707066969462e-05,0.00042126310314273313,2.666310271262582e-05
2.5300000000000002,7.510314392983255e-05,0.000433717722064451,2.8312176586230457e-05
2.54,7.674041587009432e-05,0.0004464725299722177,3.0054465203529812e-05
2.5500000000000003,7.840939282348705e-05,0.0004595323111829591,3.189464278800547e-05
2.56,8.011058688571764e-05,0.0004729018400021436,3.383757965220961e-05
2.57,8.184451592034678e-05,0.0004865858770482531,3.588834806609082e-05
2.58,8.361170356213269e-05,0.0005005891654688831,3.8052228156970836e-05
2.59,8.541267921854358e-05,0.0005149164270491346,4.0334713831113316e-05
2.6,8.72479780694074e-05,0.0005295723582127856,4.274151870594589e-05
2.61,8.911814106460888e-05,0.0005445616259169237,4.527858204141461e-05
2.62,9.102371491982e-05,0.0005598888634407911,4.795207465804606e-05
2.63,9.296525211019245e-05,0.0005755586660699123,5.07684048285958e-05
2.64,9.494331086199381e-05,0.0005915755866768858,5.373422412947297e-05
2.65,9.695845514209681e-05,0.0006079441311997527,5.6856433237089574e-05
2.66,9.901125464530559e-05,0.0006246687540197933,6.0142187653717036e-05
2.67,0.00010110228477944144,0.0006417538532402248,6.359890334653458e-05
2.68,0.0001032321266481776,0.0006592037658678857,6.723426228262594e-05
2.69,0.000105401367031524,0.0006770227628996208,7.105621784205871e-05
2.7,0.00010761059836394512,0.0006952150443159785,7.50730000901171e-05
2.71,0.00010986041871005165,0.0007137847339842772,7.929312088916928e-05
2.72,0.00011215143173779678,0.000732735874473774,8.372537882960414e-05
2.73,0.00011448424668917372,0.0007520724217859607,8.837886395854311e-05
2.74,0.00011685947834830351,0.0007717982400024701,9.326296228431762e-05
2.75,0.0001192777470068888,0.0007919170958542788,9.838736003364933e-05
2.7600000000000002,0.00012173967842701083,0.0008124326532153237,0.00010376204763791015
2.77,0.00012424590380116597,0.0008333484675241864,0.000109397323424048
2.7800000000000002,0.00012679705970950462,0.0008546679801374331,0.00011530379698471972
2.79,0.00012939378807427416,0.0008763945126191083,0.00012149239220190876
2.8000000000000003,0.00013203673611132376,0.0008985312609699905,0.00012797434989730253
2.81,0.0001347265562786967,0.0009210812898013702,0.0001347612300819469
2.82,0.00013746390622220459,0.0009440475264576159,0.00014186491377746747
2.83,0.00014024944871799077,0.0009674327550929637,0.00014929760438007922
2.84,0.00014308385161196374,0.0009912396107066737,0.00015707182853850446
2.85,0.00014596778775610326,0.0010154705731424626,0.00016520043651607486
2.86,0.0001489019349415648,0.0010401279610572627,0.00017369660200692438
2.87,0.00015188697582852018,0.0010652139258647856,0.00018257382137615842
2.88,0.0001549235978727353,0.0010907304456605111,0.00019184591229293938
2.89,0.00015801249324876788,0.0011166793191326608,0.00020152701172562875
2.9,0.00016115435876977793,0.001143062159466831,0.0002116315732680452
2.91,0.0001643498958039013,0.001169880388249695,0.0002221743637651477
2.92,0.0001675998101870979,0.0011971352293785372,0.00023317045920720055
2.93,0.0001709048121325118,0.0012248277029836784,0.00024463523986123444
2.94,0.00017426561613617284,0.0012529586193704215,0.00025658438460840905
2.95,0.00017768294087912198,0.001281528572987437,0.0002690338644569302
2.96,0.0001811575091258089,0.0013105379364294026,0.00028199993519962483
2.97,0.0001846900476187806,0.0013399868544806991,0.00029549912918676807
2.98,0.00018828128696959492,0.0013698752382082077,0.0003095482461841217
2.99,0.00019193196154588298,0.0014002027591101965,0.0003241643432878073
3.0,0.00019564280935461005,0.0014309688433306231,0.0003393647238684322
3.0100000000000002,0.0001994145719213727,0.0014621726659449987,0.0003551669255166475
3.02,0.00020324799416575383,0.0014938131453269517,0.00037158870696484323
3.0300000000000002,0.00020714382427273234,0.0015258889376042,0.0003886480339603783
3.04,0.00021110281356000827,0.0015583984312108673,0.0004063630640660479
3.0500000000000003,0.00021512571634129475,0.0015913397415459175,0.0004247521303668798
3.06,0.00021921328978546318,0.0016247107057450886,0.0004438337240617127
3.0700000000000003,0.00022336629377160168,0.0016585088775763837,0.0004636264759222645
3.08,0.00022758549073984,0.0016927315224662218,0.00048414913660141525
3.09,0.00023187164553797795,0.0017273756126659236,0.0005054205557768032
3.1,0.00023622552526386675,0.0017624378225671639,0.0005274596601171736
3.11,0.0002406478991034885,0.0017979145241748971,0.0005502854300603277
3.12,0.00024513953816475496,0.001833801782747403,0.0005739168753956677
3.13,0.00024970121530694134,0.0018700953526109977,0.0005983730096454938
3.14,0.0002543337049657452,0.0019067906731596229,0.0006236728232425546
3.15,0.0002590377829739317,0.0019438828650470412,0.000649835255504406
3.16,0.00026381422637761074,0.0019813667265815055,0.0006768791654072128
3.17,0.00026866381324801156,0.002019236730330557,0.0007048233011664935
3.18,0.0002735873224887754,0.00205748701994563,0.0007336862686334675
3.19,0.00027858553363883004,0.002096111407214444,0.0007634864985207195
3.2,0.00028365922667067655,0.0021351033693505213,0.000794242212474054
3.21,0.0002888091817841661,0.0021744560465266544,0.0008259713880098075
3.22,0.00029403617919577634,0.002214162239663562,0.0008586917223431703
3.23,0.0002993409989232863,0.002254214408478484,0.0008924205951346529
3.24,0.0003047244205658625,0.0022946046698043366,0.000927175030185798
3.25,0.0003101872230796465,0.002335324796187259,0.0009629716561228459
3.2600000000000002,0.00031573018454867063,0.0023763662147676338,0.0009998266661044232
3.27,0.00032135408195123593,0.0024177200064566837,0.0010377557766019399
3.2800000000000002,0.0003270596909216626,0.0024593769054108467,0.001076774185297611
3.29,0.00033284778550746934,0.002501327298815437,0.0011168965281553882
3.3000000000000003,0.00033871913792190986,0.0025435612269824113,0.0011581368357217337
3.31,0.0003446745182919979,0.0025860683837682077,0.0012005084887159944
3.3200000000000003,0.00035071469440186513,0.0026288381173206407,0.0012440241729799564
3.33,0.0003568404314315492,0.0026718594311574543,0.0012886958338537329
3.34,0.0003630524916912734,0.002715120985585707,0.0013345346300540758
3.35,0.0003693516343511043,0.002758611099466075,0.0013815508871364368
3.36,0.00037573861516607766,0.0028023177523250945,0.0014297540506194503
3.37,0.00038221418619683076,0.0028462285868253922,0.0014791526388649562
3.38,0.0003887790955257081,0.0028903309115921733,0.0015297541958023634
3.39,0.0003954340869683459,0.002934611704404577,0.001581565243593135
3.4,0.00040217989978091396,0.0029790576157550184,0.0016345912353390331
3.41,0.0004090172683628166,0.0030236549727763054,0.0016888365079318571
3.42,0.0004159469219550219,0.0030683897835440837,0.0017443042351589712
3.43,0.0004229695843340946,0.0031132477417549274,0.0018009963811712957
3.44,0.000430085973501844,0.0031582142317806146,0.0018589136544279994
3.45,0.0004372968013706501,0.0032032743341035307,0.001918055462239966
3.46,0.0004446027734446837,0.003248412831131242,0.001978419866026525
3.47,0.0004520045884967956,0.003293614213392468,0.0020400035374123467
3.48,0.00045950293824128467,0.0033388626861148964,0.002102801715291539
3.49,0.0004670985070026612,0.0033841421761823774,0.0021668081639805697
3.5,0.00047479197138026243,0.003429436339473784,0.002232015132597779
3.5100000000000002,0.00048258399990895286,0.0034747285685794538,0.002298413315793087
3.52,0.0004904752527158284,0.003520002000894118,0.002365991815966433
3.5300000000000002,0.0004984663811732464,0.003565239527085814,0.002434738107105386
3.54,0.0005065580275477824,0.003610423799933941,0.0025046380003742705
3.5500000000000003,0.0005147508246457678,0.003655537243537237,0.0025756756115938714
3.56,0.0005230453954550177,0.0037005620628842964,0.0026478333307414057
3.5700000000000003,0.0005314423527829786,0.003745480253783937,0.002721091793603544
3.58,0.0005399422988915596,0.0037902736131503398,0.00279542985572106
3.59,0.0005485458251283859,0.0038349237496347996,0.0028708245687459884
3.6,0.0005572535115548797,0.0038794120946028555,0.0029472511593513838
3.61,0.0005660659265710101,0.0039237199134431805,0.003024683010809249
3.62,0.0005749836265370763,0.003967828317207572,0.0031030916473708636
3.63,0.0005840071553923507,0.0040117182745706284,0.0031824467215641767
3.64,0.0005931370442707918,0.0040553706240986885,0.0032627160045234347
3.65,0.0006023738111141101,0.004098766086826218,0.003343865379473565
3.66,0.0006117179602819552,0.004141885279120547,0.0034258588384666216
3.67,0.0006211699821596184,0.004184708725832723,0.0035086584824788676
3.68,0.0006307303527631818,0.004227216873720626,0.0035922245249704206
3.69,0.0006403995333424821,0.004269390105131955,0.0036765152989895722
3.7,0.0006501779699816706,0.0043112087519391875,0.003761487267916125
3.71,0.0006600660931977828,0.004352653109709449,0.0038470950399193964
3.72,0.0006700643175373283,0.004393703452101253,0.00393329138619898
3.73,0.00068017304117099,0.0044343400454730396,0.004020027263080685
3.74,0.0006903926454867687,0.004474543163687697,0.004107251838009956
3.75,0.0007007234946814708,0.004514293103103578,0.004194912519505645
3.7600000000000002,0.0007111659353508269,0.004553570197734179,0.0042829549911005795
3.77,0.0007217202960783153,0.004592354834560385,0.004371323249298583
3.7800000000000002,0.0007323868870230308,0.0046306274689858744,0.00445995964557919
3.79,0.0007431659995064724,0.00466836864041155,0.004548804932441728
3.8000000000000003,0.000754057905598612,0.004705558987920927,0.004637798313503133
3.81,0.0007650628577032818,0.004742179266052635,0.004726877497631487
3.8200000000000003,0.0007761810881432744,0.004778210360649665,0.0048159787570923925
3.83,0.0007874128087449996,0.004813633304764849,0.004905036989683061
3.84,0.0007987582104231551,0.0048484292946035954,0.004993985784797079
3.85,0.0008102174627653119,0.004882579705489179,0.005082757493379597
3.86,0.000821790713617039,0.004916066107833885,0.0051712833016995564
3.87,0.0008334780886672194,0.004948870283090456,0.005259493308853989
3.88,0.0008452796910340299,0.004980974239675195,0.0053473166079339605
3.89,0.00085719560085194,0.005012360228836029,0.005434681370729946
3.9,0.0008692258748595139,0.005043010760451511,0.005521514935878837
3.91,0.0008813705459884366,0.005072908618740701,0.00560774390032835
3.92,0.000893629622954186,0.005102036877863194,0.005693294213972973
3.93,0.0009060030898480426,0.005130378917393984,0.0057780912773284475
3.94,0.0009184909057311256,0.005157918437649547,0.005862060042083389
3.95,0.0009310930042303647,0.005184639474849496,0.005945125114353802
3.96,0.0009438092931367002,0.005210526416094757,0.006027210860478334
3.97,0.0009566396540059386,0.00523556401413937,0.006108241515144706
3.98,0.0009695839417620762,0.005259737401943467,0.006188141291674158
3.99,0.0009826419843036492,0.0052830321069806405,0.006266834494235121
4.0,0.000995813582113102,0.005305434065288168,0.006344245631780254
4.01,0.0010090985078697364,0.005326929635239305,0.0064202995334895745
4.0200000000000005,0.0010224965060660165,0.005347505611014892,0.006494921465466987
4.03,0.0010360072926278315,0.005367149235764967,0.006568037248472441
4.04,0.001049630554538659,0.005385848214432447,0.006639573376429711
4.05,0.0010633659494682724,0.005403590726230459,0.006709457135459629
4.0600000000000005,0.0010772131054057365,0.005420365436751162,0.006777616723185803
4.07,0.0010911716202971972,0.005436161509687803,0.006843981368040882
4.08,0.0011052410616888728,0.005450968618158817,0.006908481448315031
4.09,0.0011194209663750376,0.005464776955614057,0.006971048610669981
4.1,0.0011337108400516973,0.005477577246306522,0.007031615887846009
4.11,0.001148110156975783,0.005489360755318485,0.007090117815291504
4.12,0.0011626183596306849,0.005500119298124632,0.0071464905464300845
4.13,0.0011772348583976538,0.005509845249677198,0.007200671966298213
4.14,0.001191959031233949,0.0055185315530016715,0.007252601803270865
4.15,0.0012067902233574743,0.005526171727288942,0.00730222173859916
4.16,0.0012217277469387835,0.005532759875472251,0.007349475513498762
4.17,0.0012367708807999192,0.005538290691273766,0.00739430903350282
4.18,0.001251918870121049,0.005542759465716168,0.007436670469827733
4.19,0.0012671709261547035,0.005546162093081191,0.007476510357487166
4.2,0.0012825262259479697,0.005548495076309583,0.007513781689892793
4.21,0.0012979839120732077,0.0055497555318351054,0.007548440009703619
4.22,0.0013135430923670015,0.005549941193837234,0.007580443495677473
4.23,0.0013292028396780515,0.005549050417912485,0.007609753045286262
4.24,0.0013449621916238766,0.005547082184153281,0.0076363323528839625
4.25,0.00136082015035718,0.005544036099627589,0.007660147983192908
4.26,0.0013767756823413805,0.005539912400258599,0.007681169439929695
4.2700000000000005,0.0013928277181360967,0.005534711952092192,0.0076993692293513
4.28,0.0014089751521925804,0.005528436251956862,0.007714722918555098
4.29,0.001425216842659619,0.005521087427508189,0.007727209188367125
4.3,0.0014415516111998098,0.005512668236654424,0.007736809880644509
4.3100000000000005,0.0014579782428165234,0.005503182066367895,0.007743510039868691
4.32,0.001474495485692269,0.005492632930874849,0.007747297948894255
4.33,0.0014911020510380583,0.005481025469230101,0.007748165158733864
4.34,0.0015077966129540973,0.005468364942273039,0.0077461065122922225
4.3500000000000005,0.0015245778083028418,0.005454657228970228,0.007741120161952431
4.36,0.0015414442365934903,0.0054399088221461014,0.007733207580965412
4.37,0.001558394459879005,0.005424126823607381,0.007722373568576727
4.38,0.0015754270026653548,0.005407318938660554,0.007708626248853588
4.39,0.0015925403518338706,0.00538949347003771,0.007691977063219467
4.4,0.0016097329565761633,0.0053706593112255036,0.007672440756658248
4.41,0.0016270032283421827,0.005350825939213456,0.007650035357633978
4.42,0.0016443495408021782,0.005330003406666894,0.0076247821517483865
4.43,0.0016617702298213335,0.0053082023335281675,0.007596705649172127
4.44,0.0016792635934491543,0.005285433898066572,0.007565833545944597
4.45,0.001696827891922286,0.005261709827375566,0.007532196679190594
4.46,0.0017144613476818107,0.005237042387337355,0.007495828976383524
4.47,0.0017321621454046093,0.00521144437206173,0.007456767398749916
4.48,0.0017499284320500444,0.005184929092813929,0.007415051878948131
4.49,0.0017677583169207613,0.005157510366444996,0.007370725253180687
4.5,0.0017856498717386743,0.005129202503335381,0.0073238331878809106
4.51,0.0018036011307365322,0.005100020294872885,0.007274424101162985
4.5200000000000005,0.0018216100907643173,0.005069979000474555,0.007222549079225132
4.53,0.0018396747114113388,0.005039094334169114,0.007168261787893563
4.54,0.00185779291514431,0.00500738245076208,0.007111618379540177
4.55,0.0018759625874608572,0.004974859931591592,0.007052677395591001
4.5600000000000005,0.0018941815770594256,0.004941543769902017,0.00699149966486324
4.57,0.0019124476960248507,0.004907451355846944,0.00692814819798701
4.58,0.0019307587200309438,0.004872600461142615,0.006862688078157524
4.59,0.0019491123885588158,0.004837009223392453,0.006795186348503244
4.6000000000000005,0.0019675064051322307,0.004800696130098548,0.006725711896328095
4.61,0.0019859384375692543,0.004763680002384142,0.006654335334519291
4.62,0.002004406118251391,0.0047259799784463066,0.00658112888041419
4.63,0.002022907044408538,0.004687615496755213,0.006506166232405847
4.64,0.002041438778422123,0.004648606279029657,0.006429522444603089
4.65,0.002059998848144525,0.0046089723130012675,0.006351273799839136
4.66,0.002078584747235887,0.004568733834993994,0.006271497681329906
4.67,0.0020971939355184754,0.004527911312340847,0.006190272443302143
4.68,0.0021158238393479624,0.004486525425654737,0.006107677280879304
4.69,0.002134471852002261,0.004444597050982066,0.006023792099555569
4.7,0.0021531353340879388,0.0044021472418559705,0.005938697384541978
4.71,0.002171811613963663,0.004359197211273719,0.005852474070300865
4.72,0.0021904979881818445,0.0043157683136201405,0.005765203410570736
4.73,0.0022091917219472096,0.004271882026558088,0.005676966849165759
4.74,0.002227890049593034,0.004227559932908738,0.005587845891853747
4.75,0.002246590175075281,0.0041828237025447745,0.00549792197959684
4.76,0.0022652892724839653,0.004137695074315685,0.005407276363425249
4.7700000000000005,0.00228398448657209,0.004092195838029514,0.00531598998122938
4.78,0.002302672933302088,0.004046347816509471,0.005224143336719105
4.79,0.0023213517004100044,0.004000172847751022,0.005131816380822505
4.8,0.002340017847986859,0.003953692767194952,0.0050390883957534376
4.8100000000000005,0.002358668409077212,0.003906929390141555,0.004946037881989577
4.82,0.002377300390295814,0.003859904494324987,0.0048527424483914856
4.83,0.002395910772460519,0.0038126398026657954,0.004759278705663214
4.84,0.0024144965112431857,0.0037651569662246033,0.004665722163362514
4.8500000000000005,0.002433054537837269,0.003717477547372408,0.004572147130651621
4.86,0.0024515817596421977,0.003669623003199224,0.004478626620955696
4.87,0.0024700750609653243,0.0036216146691795273,0.004385232260700655
4.88,0.00248853130373982,0.003573473743107508,0.004292034202272775
4.89,0.0025069473282597664,0.0035252212693261116,0.004199101041337492
4.9,0.002525319953931054,0.0034768781232615334,0.0041064997386400124
4.91,0.0025436459800395207,0.0034284649962809293,0.0040142955463893445
4.92,0.002561922186534413,0.0033800023808901875,0.00392255193932761
4.93,0.002580145334827848,0.003331510556282583,0.0038313305505508497
4.94,0.0025983121686107714,0.0032830095742584207,0.0037406911121566373
4.95,0.0026164194146837986,0.003234519245525053,0.0036506914007622395
4.96,0.002634463783803199,0.0031860591263888505,0.003561387187924514
4.97,0.002652441971543129,0.0031376485058579946,0.003472832195494511
4.98,0.0026703506591715313,0.0030893063931604152,0.003385078055903054
4.99,0.002688186514541256,0.003041051505691233,0.00329817427737446
5.0,0.00270594619299606,0.0029929022574008758,0.0032121682140535753
5.01,0.002723626338289385,0.0029448767476285822,0.0031271050410021403
5.0200000000000005,0.0027412235835186077,0.0028969927503968984,0.0030430277340320554
5.03,0.002758734552071735,0.0028492677041675302,0.002959977054306627
5.04,0.002776155858587865,0.002801718702071436,0.0028779915376462486
5.05,0.002793484109930297,0.002754362482617348,0.0027971074884570206
5.0600000000000005,0.0028107159061728534,0.002707215420882892,0.0027173589781841396
5.07,0.0028278478415979134,0.002660293520196765,0.0026387778481977544
5.08,0.00284487650570686,0.0026136124043119636,0.002561393716989033
5.09,0.0028617984842415453,0.002567187310076251,0.002485233991558767
5.1000000000000005,0.0028786103602183293,0.002521033080602788,0.002410323882872799
5.11,0.0028953087149711705,0.0024751641589388067,0.0023366864252352543
5.12,0.0029118901292069354,0.002429594582238448,0.002264342499443305
5.13,0.002928351184069862,0.00238433797643731,0.002193310859568169
5.14,0.0029446884622158533,0.002339407551427564,0.0021236081631988537
5.15,0.002960898548896607,0.0022948160967358857,0.0020552490049925956
5.16,0.0029769780330521933,0.002250575977698196,0.0019882459533545928
5.17,0.00299292350841176,0.002206699132132135,0.0019226095900805058
5.18,0.0030087315746034097,0.0021631970675022,0.0018583485527809156
5.19,0.0030243988382705465,0.0021200808585740962,0.0017954695799081253
5.2,0.0030399219141956616,0.0020773611455545686,0.0017339775582070605
5.21,0.003055297426431174,0.0020350481327094925,0.0016738755724017098
5.22,0.0030705220094360964,0.0019931515874573604,0.0016151649569361305
5.23,0.003085592309218433,0.0019516808399295308,0.0015578453495857195
5.24,0.0031005049844826434,0.0019106447829903375,0.0015019147467501776
5.25,0.00311525670778253,0.0018700518727117522,0.001447369560249587
5.26,0.003129844166677426,0.001829910129291443,0.0013942046754382537
5.2700000000000005,0.0031442640648926545,0.0017902271384080913,0.0013424135104561376
5.28,0.0031585131234831447,0.0017510100530035708,0.0012919880764417939
5.29,0.0031725880819992273,0.0017122655954830478,0.0012429190385292437
5.3,0.0031864856996554405,0.0016740000603227892,0.0011951957774604493
5.3100000000000005,0.0032002027565000484,0.0016362193170746967,0.001148806451642492
5.32,0.003213736054585969,0.001598928813758287,0.0011037380594882342
5.33,0.0032270824191424382,0.0015621335806269702,0.00105997650188139
5.34,0.0032402386997461945,0.001525838234298231,0.0010175066446108363
5.3500000000000005,0.0032532017714923065,0.0014900469822360742,0.000976312380627558
5.36,0.003265968536163405,0.0014547636275719096,0.0009363766919804729
5.37,0.0032785359233980533,0.0014199915742537418,0.0008976817112939443
5.38,0.0032909008918557757,0.001385733832509045,0.0008602087826571822
5.39,0.003303060430379563,0.0013519930246087702,0.000823938521799262
5.4,0.003315011559155315,0.0013187713909206078,0.0007888508754344734
5.41,0.0033267513308666142,0.0012860707962359572,0.0007549251796639155
5.42,0.0033382768318447288,0.001253892736359013,0.0007221402173297974
5.43,0.0033495851832142237,0.0012222383449440285,0.0006904742742263326
5.44,0.003360673542031906,0.0011911084005658636,0.000659905194073215
5.45,0.003371539102419619,0.0011605033340115617,0.0006304104321705043
5.46,0.003382179096689969,0.0011304232357784592,0.0006019671076572794
5.47,0.0033925907964642353,0.0011008678637645947,0.0005745520543030147
5.48,0.0034027715137829925,0.0010718366511389074,0.0005481418697706032
5.49,0.003412718602206194,0.0010433287143754078,0.0005227129632924945
5.5,0.0034224294579052613,0.001015342861439529,0.0004982416017126019
5.51,0.0034319015207450606,0.0009878776001120454,0.0004747039538498453
5.5200000000000005,0.003441132275354343,0.0009609311464363697,0.0004520761331466134
5.53,0.0034501192521856116,0.0009345014332772905,0.0004303342385738132
5.54,0.0034588600285634552,0.0009085861189760336,0.00040945439376671906
5.55,0.003467352229719984,0.0008831825960898494,0.0003894127843748719
5.5600000000000005,0.0034755935298171124,0.0008582880002023527,0.00037018569361423455
5.57,0.0034835816529562654,0.000833899218791732,0.00035174953601409893
5.58,0.003491314374172883,0.000810012900144808,0.00033408088935884075
5.59,0.003498789520416696,0.0007866254623033956,0.00031715652482796166
5.6000000000000005,0.0035060049715164602,0.0007637331020323449,0.0003009534353437794
5.61,0.0035129586611294724,0.0007413318037957532,0.00028544886214033514
5.62,0.0035196485776737654,0.0007194173487306817,0.0002706203195714678
5.63,0.0035260727652436877,0.0006979853236069604,0.00025644561818101034
5.64,0.003532229324508368,0.0006770311297612513,0.00024290288606036863
5.65,0.003538116413591449,0.0006565499919957147,0.00022997058852390663
5.66,0.0035437322489322875,0.0006365369674297064,0.00021762754613530435
5.67,0.0035490751061285765,0.0006169869542953036,0.00020585295112076393
5.68,0.0035541433207586055,0.0005978947006664746,0.00019462638220867686
5.69,0.003558935289183715,0.0005792548131121642,0.00018392781793714587
5.7,0.0035634494693294345,0.000561061765264794,0.00017373764847335664
5.71,0.003567684381446825,0.0005433099062953436,0.000164036685991231
5.72,0.003571638608850007,0.0005259934692860271,0.00015480617365464525
5.73,0.0035753107986335815,0.0005091065794935518,0.0001460277932563485
5.74,0.0035786996623660187,0.0004926432624946979,0.00013768367156285919
5.75,0.003581803976760193,0.00047659745220698317,0.00012975638541726277
5.76,0.0035846225843209575,0.00046096299877819164,0.0001222289656530627
5.7700000000000005,0.0035871543939679324,0.0004457336763374183,0.00011508489987185501
5.78,0.0035893983816343675,0.00043090319060234554,0.00010830813413915011
5.79,0.0035913535908403357,0.0004164651863365694,0.00010188307365224828
5.8,0.0035930191332420864,0.0004024132546518717,9.579458243421294e-05
5.8100000000000005,0.0035943941891542555,0.0003887409401505283,9.002798210811702e-05
5.82,0.0035954780080466064,0.00037544174790291545,8.456904980517349e-05
5.83,0.0035962699090148305,0.0003625091502565822,7.940401526005327e-05
5.84,0.0035967692812237007,0.00034993659347274124,7.451955714602765e-05
5.8500000000000005,0.003596975584323664,0.00033771750418668727,6.990279870183264e-05
5.86,0.0035968883488396272,0.0003258452956894958,6.5541302701358e-05
5.87,0.003596507176532433,0.0003143133740278186,6.142306581610449e-05
5.88,0.0035958317407319687,0.00030311514391982464,5.753651241945708e-05
5.89,0.003594861786641541,0.00029224401448500043,5.387048788044907e-05
5.9,0.003593597131614931,0.0002816934047864633,5.041425139346725e-05
5.91,0.003592037665402632,0.0002714567491841734,4.7157468389066644e-05
5.92,0.0035901833503707934,0.0002615275024982335,4.409020256943679e-05
5.93,0.0035880342216897967,0.000251899144981658,4.120290761072832e-05
5.94,0.003585590387493571,0.00024256518710205545,3.8486418572874336e-05
5.95,0.0035828520290089715,0.00023351917413233335,3.593194305583253e-05
5.96,0.003579819400655828,0.00022475469055065203,3.353105213970625e-05
5.97,0.003576492830116192,0.00021626536425003076,3.1275671144480006e-05
5.98,0.0035728727183738235,0.00020804487055849373,2.9158070243373033e-05
5.99,0.0035689595397232275,0.0002000869360708564,2.7170854962290027e-05
6.0,0.003564753841748066,0.00019238534229326198,2.5306956595976183e-05
6.01,0.003560256245269547,0.0001849339291022999,2.3559622570002152e-05
6.0200000000000005,0.00355546744426368,0.00017772659802017547,2.1922406775817814e-05
6.03,0.0035503882057479307,0.00017075731530821254,2.0389159904653853e-05
6.04,0.003545019369637629,0.0001640201148807497,1.89540198042816e-05
6.05,0.0035393618485712692,0.00015750910104180558,1.7611401881049047e-05
6.0600000000000005,0.003533416627704842,0.0001512184510472896,1.6355989568085432e-05
6.07,0.003527184764476403,0.00014514241749533058,1.5182724878939552e-05
6.08,0.0035206673883390518,0.0001392753305478156,1.4086799064429213e-05
6.09,0.0035138657004634335,0.0001336115999862029,1.3063643389032272e-05
6.1000000000000005,0.0035067809734103763,0.00012814571710477316,1.2108920041642591e-05
6.11,0.003499414550772437,0.0001228722564448898,1.1218513194231431e-05
6.12,0.0034917678467852107,0.000117785877373508,1.038852022049409e-05
6.13,0.0034838423459084052,0.00011288132550981826,9.615243085371217e-06
6.140000000000001,0.0034756396023772956,0.00010815343400359811,8.89517991504904e-06
6.15,0.00346716123972373,0.00010359712466906674,8.22501675584077e-06
6.16,0.003458408950267564,9.920740897827032e-05,7.601619529262096e-06
6.17,0.0034493844945787627,9.497938891782275e-05,7.022026189496264e-06
6.18,0.003440089700910009,9.090825771314448e-05,6.483439088426212e-06
6.19,0.003430526464599962,8.69893004242523e-05,5.983217552458487e-06
6.2,0.003420696747448726,8.321789441721434e-05,5.5188706744117825e-06
6.21,0.0034106025770635003,7.958950971545296e-05,5.088050322915144e-06
6.22,0.003400246046176359,7.609970923512788e-05,4.688544370925138e-06
6.23,0.0033896293119349487,7.274414890875876e-05,4.318270144220558e-06
6.24,0.0033787545951643604,6.951857770136676e-05,3.975268090038658e-06
6.25,0.003367624179601955,6.641883752329276e-05,3.6576956653361806e-06
6.26,0.003356240411106209,6.344086304402961e-05,3.3638214435841976e-06
6.2700000000000005,0.003344605696837604,6.058068141116247e-05,3.092019438421539e-06
6.28,0.0033327225044141816,5.783441187867803e-05,2.8407636419929307e-06
6.29,0.0033205933610413216,5.5198265348815446e-05,2.608622775335253e-06
6.3,0.003308220852615988,5.2668543831543015e-05,2.394255247741269e-06
6.3100000000000005,0.003295607622805636,5.02416398258023e-05,2.1964043216654737e-06
6.32,0.0032827563721037002,4.791403562658036e-05,2.0138934793850756e-06
6.33,0.00326966985686006,4.568230256174479e-05,1.8456219873307913e-06
6.34,0.0032563508882886777,4.354310016269754e-05,1.6905606537478736e-06
6.3500000000000005,0.0032428023314518307,4.149317527261903e-05,1.547747775099604e-06
6.36,0.003229027104221924,3.9529361096230134e-05,1.4162852664492227e-06
6.37,0.0032150281762216297,3.764857619477042e-05,1.2953349708792284e-06
6.38,0.003200808567742225,3.584782342988115e-05,1.1841151428737995e-06
6.390000000000001,0.003186371348641268,3.412418886003503e-05,1.0818971004882533e-06
6.4,0.003171719637219663,3.247484059300731e-05,9.880020410403685e-07
6.41,0.0031568565990795845,3.089702759785159e-05,9.017980150078292e-07
6.42,0.003141785445962563,2.9388078479754173e-05,8.226970527774106e-07
6.43,0.003126509434569637,2.7945400221018745e-05,7.501524388787019e-07
6.44,0.0031110318653630683,2.656647689139194e-05,6.836561283425018e-07
6.45,0.003095356081351227,2.5248868330809775e-05,6.227362998445845e-07
6.46,0.003079485466856239,2.3990208807579235e-05,5.669550403359984e-07
6.47,0.003063423446266345,2.2788205654893972e-05,5.159061559162401e-07
6.48,0.0030471734827724755,2.1640637888509005e-05,4.692131037703151e-07
6.49,0.0030307390770896556,2.0545354808270764e-05,4.2652704007192983e-07
6.5,0.003014123766165648,1.950027458616067e-05,3.87524978844889e-07
6.51,0.002997331121874991,1.8503382843326735e-05,3.5190805687139946e-07
6.5200000000000005,0.002980364749700877,1.7552731218577113e-05,3.193998998473059e-07
6.53,0.0029632282874055118,1.6646435930625466e-05,2.8974508509482504e-07
6.54,0.0029459254036884376,1.5782676336345126e-05,2.627076962670704e-07
6.55,0.002928459796834835,1.4959693487152274e-05,2.3806996560214137e-07
6.5600000000000005,0.0029108351933536183,1.417578868556068e-05,2.156309994153864e-07
6.57,0.002893055346607058,1.3429322043858087e-05,1.9520558265186015e-07
6.58,0.0028751240354313854,1.2718711046733448e-05,1.766230584554707e-07
6.59,0.0028570450627500464,1.2042429119629258e-05,1.5972627884990506e-07
6.6000000000000005,0.0028388222541799826,1.139900420447122e-05,1.4437062276464414e-07
6.61,0.0028204594566317354,1.0787017344343903e-05,1.304230777778221e-07
6.62,0.0028019605369042715,1.0205101278602761e-05,1.1776138208738942e-07
6.63,0.0027833293802749155,9.651939049804526e-06,1.0627322335976265e-07
6.640000000000001,0.0027645698890855584,9.126262623773848e-06,9.585549124250809e-08
6.65,0.0027456859813252054,8.6268515240213e-06,8.64135804632141e-08
6.66,0.0027266815892108926,8.15253148165218e-06,7.786074157024745e-08
6.67,0.002707560657766195,7.702173101832346e-06,7.011747650302125e-08
6.68,0.002688327143398919,7.274690547779605e-06,6.311097630757143e-08
6.69,0.0026689850124790326,6.86904024319476e-06,5.677459844011489e-08
6.7,0.0026495382399166633,6.484219593955809e-06,5.104738122372727e-08
6.71,0.0026299908077413395,6.119265729827923e-06,4.587359314334203e-08
6.72,0.0026103467036838798,5.7732542668865955e-06,4.120231478078582e-08
6.73,0.002590609919760422,5.445298091258174e-06,3.6987051304273556e-08
6.74,0.00257078445086007,5.134546164741893e-06,3.318537353619237e-08
6.75,0.0025508742933371526,4.840182352797339e-06,2.97585857286333e-08
6.76,0.0025308834436080243,4.561424275324033e-06,2.6671418277803214e-08
6.7700000000000005,0.0025108158967537923,4.297522180609419e-06,2.3891743706704258e-08
6.78,0.002490675645129327,4.047757842749794e-06,2.1390314339479482e-08
6.79,0.0024704666769795264,3.8114434828113432e-06,1.9140520181484735e-08
6.8,0.002450192975063038,3.58792071393477e-06,1.7118165605637105e-08
6.8100000000000005,0.002429858515285185,3.3765595105417897e-06,1.5301263528580975e-08
6.82,0.0024094672653394668,3.1767572017569225e-06,1.3669845839460821e-08
6.83,0.0023890231833591834,2.98793748910943e-06,1.2205788919597521e-08
6.84,0.0023685302165794616,2.8095494885385553e-06,1.0892653163409193e-08
6.8500000000000005,0.0023479923000112013,2.6410667966893e-06,9.715535479467779e-09
6.86,0.0023274133551256645,2.4819865814387042e-06,8.660933815598578e-09
6.87,0.00230679728855298,2.331828696567593e-06,7.716622813802163e-09
6.88,0.002286147990792567,2.1901348204497306e-06,6.871539759291923e-09
6.890000000000001,0.002265469334938406,2.0564676186031952e-06,6.115680043374271e-09
6.9,0.0022447651754180743,1.9304099299195852e-06,5.440001412353046e-09
6.91,0.0022240393467470496,1.8115639763538325e-06,4.836336324103376e-09
6.92,0.0022032956622982914,1.6995505958386673e-06,4.297311780681539e-09
6.93,0.002182537913088711,1.594008498157309e-06,3.816276049336888e-09
6.94,0.002161769866581779,1.4945935434899675e-06,3.3872317256950483e-09
6.95,0.002140995265507455,1.4009780433272657e-06,3.0047746318311673e-09
6.96,0.002120217826700454,1.3128500834251026e-06,2.664038078501778e-09
6.97,0.002099441239956472,1.2299128684601195e-06,2.360642055122935e-09
6.98,0.002078669166907412,1.1518840880270926e-06,2.0906469432184465e-09
6.99,0.0020579052399160073,1.0784953036069145e-06,1.8505113791583282e-09
7.0,0.0020371530609904456,1.009491356121854e-06,1.6370539201575561e-09
7.01,0.0020164162007192295,9.446297936827036e-07,1.447418193793628e-09
7.0200000000000005,0.001995698197226823,8.836803191232454e-07,1.279041235846998e-09
7.03,0.0019750025551506824,8.26424256909336e-07,1.1296247441470347e-09
7.04,0.0019543327446397136,7.726540390027837e-07,9.971089974211192e-10
7.05,0.001933692200375213,7.221727092537932e-07,8.796492079810813e-10
7.0600000000000005,0.0019130843206139623,6.747934458916847e-07,7.755940955162697e-10
7.07,0.001892512466254142,6.303391016797294e-07,6.834664863923033e-10
7.08,0.0018719799599248128,5.88641761296949e-07,6.019457587462815e-10
7.09,0.0018514900850986737,5.495423155085924e-07,5.298519683998194e-10
7.1000000000000005,0.0018310460852287516,5.128900516860156e-07,4.661315042592918e-10
7.11,0.0018106511629092299,4.785422602364942e-07,4.098441344982077e-10
7.12,0.0017903084790610803,4.463638565052745e-07,3.6015131648944013e-10
7.13,0.001770021152142103,4.1622701771298934e-07,3.163056542392135e-10
7.140000000000001,0.0017497922573820395,3.8801083449420677e-07,2.7764139702291283e-10
7.15,0.0017296248260433554,3.6160097660657025e-07,2.435658820999034e-10
7.16,0.0017095218447069065,3.3688937238265687e-07,2.1355183283331033e-10
7.17,0.0016894862545838289,3.137739015017021e-07,1.871304313216292e-10
7.18,0.0016695209508528768,2.921581006630245e-07,1.638850918016453e-10
7.19,0.0016496287820242878,2.7195088174778664e-07,1.434458676539075e-10
7.2,0.0016298125493296124,2.5306626206220967e-07,1.2548443087670461e-10
7.21,0.0016100750061376116,2.354231062607054e-07,1.0970956842767048e-10
7.22,0.0015904188573972991,2.1894487955447768e-07,9.5863144903945e-11
7.23,0.001570846759106939,2.0355941181775095e-07,8.371648567608448e-11
7.24,0.0015513613178100329,1.891986722107076e-07,7.306713883891059e-11
7.25,0.0015319650901178003,1.757985539460411e-07,6.373597822695353e-11
7.26,0.0015126605822588157,1.6329866883323158e-07,5.55646132888358e-11
7.2700000000000005,0.0014934502496549013,1.5164215124256326e-07,4.8413074852593554e-11
7.28,0.0014743364965241496,1.4077547113917403e-07,4.215774876586272e-11
7.29,0.0014553216755109255,1.3064825584502581e-07,3.668953208401788e-11
7.3,0.0014364080873422416,1.212131201953679e-07,3.191218892811107e-11
7.3100000000000005,0.0014175979805111738,1.1242550476439406e-07,2.7740885361386498e-11
7.32,0.0013988935509867716,1.0424352184310187e-07,2.4100884657187606e-11
7.33,0.0013802969419508813,9.662780886108149e-08,2.0926386169516395e-11
7.34,0.0013618102435612556,8.954138895203001e-08,1.815949268526957e-11
7.3500000000000005,0.0013434354927410368,8.294953837160306e-08,1.5749292649684994e-11
7.36,0.0013251746729949006,7.681966048447355e-08,1.3651045026543105e-11
7.37,0.0013070297142510519,7.11211660458357e-08,1.1825455794980098e-11
7.38,0.001289002492729236,6.582535951117196e-08,1.0238036206605217e-11
7.390000000000001,0.0012710948308349505,6.090533111615585e-08,8.858533940519632e-12
7.4,0.0012533084970789857,5.633585447697594e-08,7.660429209485637e-12
7.41,0.0012356452060224672,5.2093289469412694e-08,6.620488696770501e-12
7.42,0.001218106618247434,4.815549015303865e-08,5.718370948151576e-12
7.43,0.001200694340352151,4.4501717514928424e-08,4.936277514849677e-12
7.44,0.0011834099249714582,4.11125568149384e-08,4.258644747366685e-12
7.45,0.00116625487082135,3.7969839322417275e-08,3.671871683825847e-12
7.46,0.0011492306227683362,3.505656824170834e-08,3.1640799649760322e-12
7.47,0.0011323385719221903,3.2356848631164696e-08,2.724902146869422e-12
7.48,0.001115580055752921,2.985582112774966e-08,2.3452951760686097e-12
7.49,0.0010989563582308062,2.753959929629201e-08,2.017376145410464e-12
7.5,0.0010824687099897103,2.5395210429482574e-08,1.7342777648513462e-12
7.51,0.0010661182885129906,2.3410539631446822e-08,1.4900212652952768e-12
7.5200000000000005,0.0010499062183418966,2.1574277024327187e-08,1.2794047068419296e-12
7.53,0.0010338335713060696,1.987586792380602e-08,1.0979048895762524e-12
7.54,0.0010179013667754565,1.830546583571566e-08,9.415912675115181e-13
7.55,0.0010021105719340156,1.6853888132035718e-08,8.070504470628322e-13
7.5600000000000005,0.000986462102073895,1.551257427048681e-08,6.913200126675653e-13
7.57,0.0009709568209103079,1.4273546427690222e-08,5.918305658793518e-13
7.58,0.0009555955409166861,1.3129372421473145e-08,5.063549922592428e-13
7.59,0.000940379023679311,1.2073130803288199e-08,4.3296408429789513e-13
7.6000000000000005,0.0009253079802714081,1.1098378006972682e-08,3.69987749901909e-13
7.61,0.0009103830716459381,1.0199117445160252e-08,3.1598112599452124e-13
7.62,0.0008956049090471205,9.369770449545694e-09,2.696949967097322e-13
7.63,0.0008809740544395892,8.605148955947045e-09,2.300499865802713e-13
7.640000000000001,0.0008664910209553286,7.900429839701949e-09,1.9611406199792329e-13
7.65,0.0008521562733575578,7.251130811323856e-09,1.670829299322059e-13
7.66,0.0008379702285213263,6.653087786612528e-09,1.422629722109358e-13
7.67,0.0008239332559302094,6.102433649507611e-09,1.2105639729237318e-13
7.68,0.0008100456781886355,5.5955783299123735e-09,1.0294833002376429e-13
7.69,0.0007963077715494937,5.1291901225057566e-09,8.749559394494116e-14
7.7,0.0007827197664563237,4.700178176210733e-09,7.431697076199433e-14
7.71,0.000769281848099899,4.305676087478769e-09,6.308474813446548e-14
7.72,0.0007559941569883836,3.943026533907755e-09,5.3517390290492934e-14
7.73,0.0007428567895308367,3.6097668879385865e-09,4.537318656678014e-14
7.74,0.0007298697986332838,3.3036157534516366e-09,3.8444751083313495e-14
7.75,0.0007170331943072975,3.0224603710461743e-09,3.2554262690373054e-14
7.76,0.0007043469442900698,2.764344840614342e-09,2.7549348321727963e-14
7.7700000000000005,0.0006918109746758431,2.527459112521928e-09,2.3299525176911275e-14
7.78,0.0006794251705579771,2.310128701302693e-09,1.96931279386748e-14
7.79,0.0006671893766813766,2.110805078235919e-09,1.663465668547534e-14
7.8,0.0006551033981045454,1.9280567015410803e-09,1.4042489441690345e-14
7.8100000000000005,0.0006431670008707582,1.76056064517028e-09,1.1846910559559213e-14
7.82,0.0006313799126882155,1.6070947893293593e-09,9.988412470372704e-15
7.83,0.000619741823618124,1.466530537897249e-09,8.416233887800681e-15
7.84,0.000608252386770556,1.3378260298685354e-09,7.087102390307078e-15
7.8500000000000005,0.0005969112190076319,1.220019813789336e-09,5.964153537822255e-15
7.86,0.0005857179016532467,1.1122249559281603e-09,5.016002365985642e-15
7.87,0.0005746719812090438,1.0136235545924736e-09,4.215946315700834e-15
7.88,0.000563772970076097,9.234616346000737e-10,3.541281455495682e-15
7.890000000000001,0.0005530203472818426,8.410443974231329e-10,2.9727162907628997e-15
7.9,0.0005424135592116866,7.657318039604326e-10,2.493869573005604e-15
7.91,0.000531952020344854,6.969344682531486e-10,2.0908403637452578e-15
7.92,0.0005216351139939995,6.341098417520856e-10,1.7518402069131422e-15
7.930000000000001,0.0005114621930480987,5.767586689653935e-10,1.4668786512220143e-15
7.94,0.0005014325807181768,5.244216964748129e-10,1.227494567305224e-15
7.95,0.0004915455712853355,4.766766184044263e-10,1.0265267470216637e-15
7.96,0.0004818004308506348,4.3313524246213593e-10,8.579181750696249e-16
7.97,0.0004721963980864627,3.9344086165448664e-10,7.165491441048605e-16
7.98,0.00046273268498882845,3.5726581770142197e-10,5.980950598368793e-16
7.99,0.0004534084776301694,3.243092430522617e-10,4.989053659724604e-16
8.0,0.00044422293691224,2.9429496922887073e-10,4.1590052251393115e-16
8.01,0.00043517519931869007,2.669695900022461e-10,3.4648440540079736e-16
8.02,0.0004262643776668261,2.421006686410256e-10,2.8846987000927987e-16
8.03,0.0004174895618581539,2.194750791642869e-10,2.400155436463711e-16
8.040000000000001,0.0004088498196273945,1.9889747218107857e-10,1.995721898738478e-16
8.05,0.0004003441972893842,1.8018885651399536e-10,1.6583722635577067e-16
8.06,0.0003919717204835821,1.6318528838036285e-10,1.3771618322176761e-16
8.07,0.0003837313949159464,1.477366604484684e-10,1.142900652628689e-16
8.08,0.00037562220709727297,1.3370558359553573e-10,9.478773260398528e-17
8.09,0.00036764312507839503,1.209663546748783e-10,7.85625442787218e-17
8.1,0.0003597930991810884,1.0940400404838849e-10,6.507262034851016e-17
8.11,0.0003520710627249427,9.891341706452278e-11,5.3864173451280854e-17
8.120000000000001,0.0003444759327495611,8.939852405712663e-11,4.4557442163171014e-17
8.13,0.00033700661073167296,8.077155381277442e-11,3.6834828246646005e-17
8.14,0.000329661983297068,7.295234580229077e-11,3.043089940481133e-17
8.15,0.0003224409229269508,6.586771679843018e-11,2.5123970004352967e-17
8.16,0.0003153422886581666,5.945087780696219e-11,2.072901560836432e-17
8.17,0.0003083649267774218,5.3640897524415773e-11,1.7091714144344415e-17
8.18,0.0003015076715088578,4.8382208802718866e-11,1.4083438040577467e-17
8.19,0.0002947693456948002,4.36241548511786e-11,1.1597048487763904e-17
8.2,0.0002881487614694784,3.932057213935223e-11,9.54336580116116e-18
8.21,0.0002816447209253453,3.5429407182772524e-11,7.848209255788643e-18
8.22,0.0002752560167718497,3.191236459666695e-11,6.44991624389691e-18
8.23,0.00026898143298627173,2.873458399301528e-11,5.297264589599679e-18
8.24,0.00026281974545651874,2.586434347317711e-11,4.347733717955348e-18
8.25,0.00025676972261560755,2.3272787633527864e-11,3.566050429913842e-18
8.26,0.00025083012606756704,2.093367815522491e-11,2.9229735496978272e-18
8.27,0.00024499971120465835,1.882316519260159e-11,2.3942789176957778e-18
8.28,0.00023927722781555508,1.6919577907791408e-11,1.959912296296942e-18
8.290000000000001,0.00023366142068453736,1.5203232623437495e-11,1.603282906263609e-18
8.3,0.00022815103018121886,1.3656257180454543e-11,1.3106746601532038e-18
8.31,0.00022274479284088385,1.2262430195182316e-11,1.070755828998422e-18
8.32,0.00021744144193521818,1.1007034009748044e-11,8.741709726748705e-19
8.33,0.00021223970803312375,9.876720221975131e-12,7.132015714521639e-19
8.34,0.0002071383195517258,8.859386767009155e-12,5.814839912252212e-19
8.35,0.0002021360032972959,7.944065602457271e-12,4.737752615943831e-19
8.36,0.0001972314849959036,7.120820122654526e-12,3.857586984449286e-19
8.370000000000001,0.00019242348981390062,6.380651496165059e-12,3.1388270687012164e-19
8.38,0.00018771074286792213,5.715413183957322e-12,2.5522719506728663e-19
8.39,0.00018309196972439928,5.117732954470133e-12,2.0739294817476977e-19
8.4,0.00017856589688854723,4.5809417660826685e-12,1.68410080758207e-19
8.41,0.00017413125228264413,4.099008937795609e-12,1.366623313723803e-19
8.42,0.000169786765713597,3.666483075413898e-12,1.1082450222167924e-19
8.43,0.0001655311693297571,3.2784382634895618e-12,8.981079822058347e-20
8.44,0.0001613631980668869,2.9304250729791877e-12,7.273219689312187e-20
8.45,0.0001572815900832374,2.618425971229242e-12,5.886129548968445e-20
8.46,0.00015328508718372597,2.338814754732734e-12,4.760334450498929e-20
8.47,0.0001493724352332386,2.0883196563278593e-12,3.8472395917762125e-20
8.48,0.00014554238455889007,1.863989807275747e-12,3.107167706031677e-20
8.49,0.00014179369034138603,1.6631647612085712e-12,2.5077453048326624e-20
8.5,0.00013812511299545605,1.483446811369999e-12,2.0225767178259235e-20
8.51,0.00013453541853922845,1.3226758550865204e-12,1.6301553846856107e-20
8.52,0.00013102337895280481,1.1789065801333172e-12,1.312970589560396e-20
8.53,0.00012758777252579054,1.0503877667165589e-12,1.0567750791117785e-20
8.540000000000001,0.00012422738419402005,9.3554351633484e-13,8.499850196938633e-21
8.55,0.00012094100586542285,8.329562348932983e-13,6.831887343333243e-21
8.56,0.0001177274367350124,7.413512122559007e-13,5.4874478905576835e-21
8.57,0.00011458548358918848,6.595826540214265e-13,4.404534152281306e-21
8.58,0.00011151396109931401,5.866210337913926e-13,3.532880805316574e-21
8.59,0.00010851169210459921,5.215416456546495e-13,2.831763564689952e-21
8.6,0.00010557750788447377,4.635142471207963e-13,2.2682115867622136e-21
8.61,0.00010271024842042332,4.117936923625726e-13,1.8155502745828298e-21
8.620000000000001,9.990876264738743e-05,3.65711464457539e-13,1.45221427888453e-21
8.63,9.717190869485516e-05,3.2466802339834876e-13,1.1607812967898068e-21
8.64,9.449855411766233e-05,2.8812589404425083e-13,9.271861687316395e-22
8.65,9.188757611668654e-05,2.556034249568573e-13,7.400820943041479e-22
8.66,8.933786174945495e-05,2.2666915525760336e-13,5.90321805124585e-22
8.67,8.684830813080782e-05,2.009367323073143e-13,4.705364754442464e-22
8.68,8.441782262373586e-05,1.7806032818368816e-13,3.7479420806981622e-22
8.69,8.204532302048408e-05,1.5773050765897183e-13,2.983232603729818e-22
8.700000000000001,7.972973771405579e-05,1.3967050469719742e-13,2.372879019395337e-22
8.71,7.747000586022228e-05,1.2363286842804995e-13,1.886070283853162e-22
8.72,7.526507753019525e-05,1.093964431488304e-13,1.4980748309630653e-22
8.73,7.311391385406426e-05,9.676365018122086e-14,1.189055327091081e-22
8.74,7.101548715512844e-05,8.555804239604564e-14,9.431116286605521e-23
8.75,6.896878107531254e-05,7.562210493935489e-14,7.475085740118815e-23
8.76,6.697279069171441e-05,6.681527816987705e-14,5.920533715770124e-23
8.77,6.502652262452924e-05,5.901218107262619e-14,4.685939741544768e-23
8.78,6.312899513643136e-05,5.210101546429471e-14,3.706152277691579e-23
8.790000000000001,6.127923822356115e-05,4.5982133171166766e-14,2.9291397778735296e-23
8.8,5.947629369831441e-05,4.0566750055860385e-14,2.3133788880949314e-23
8.81,5.771921526405156e-05,3.5775792309145804e-14,1.8257563928791726e-23
8.82,5.6007068581868145e-05,3.153886182215402e-14,1.439885104141241e-23
8.83,5.433893132963816e-05,2.7793308723929324e-14,1.1347530268708133e-23
8.84,5.2713893253431774e-05,2.448340032136112e-14,8.93640653813962e-24
8.85,5.11310562115006e-05,2.1559576723427694e-14,7.032538140898891e-24
8.86,4.9589534210977127e-05,1.897778437886132e-14,5.530296792761895e-24
8.870000000000001,4.808845343747401e-05,1.669887961462721e-14,4.34581764520269e-24
8.88,4.6626952277707586e-05,1.4688095039939886e-14,3.412564180489882e-24
8.89,4.520418133534867e-05,1.2914562384316866e-14,2.677786684116516e-24
8.9,4.381930344024829e-05,1.1350885975007992e-14,2.0996963764520473e-24
8.91,4.2471493651202646e-05,9.97276163510667e-15,1.6452122767450021e-24
8.92,4.115993925242588e-05,8.75863630449214e-15,1.2881660698969132e-24
8.93,3.98838397439204e-05,7.689404156350904e-15,1.0078729513226055e-24
8.94,3.8642406825854445e-05,6.7481354071360666e-15,7.879946933701894e-25
8.950000000000001,3.743486437718079e-05,5.9198344017014505e-15,6.156358638252486e-25
8.96,3.6260448428630954e-05,5.191223901726889e-15,4.806259257558207e-25
8.97,3.5118407130223006e-05,4.550552818053977e-15,3.749494190653441e-25
8.98,3.400800071352524e-05,3.9874249093606065e-15,2.922940208614255e-25
8.99,3.292850144875102e-05,3.4926462235053338e-15,2.276923703281618e-25
9.0,3.187919359692548e-05,3.058089286729341e-15,1.7723841983095422e-25
9.01,3.085937335724499e-05,2.676572251872988e-15,1.378629758997799e-25
9.02,2.9868348809795185e-05,2.341751402235971e-15,1.0715621371995654e-25
9.03,2.8905439853816312e-05,2.048025574533743e-15,8.322744154544873e-26
9.040000000000001,2.796997814164938e-05,1.7904512144332696e-15,6.459438156876635e-26
9.05,2.7061307008528853e-05,1.5646669130200597e-15,5.0095821354095655e-26
9.06,2.6178781398399608e-05,1.3668263937147965e-15,3.882275539462605e-26
9.07,2.5321767785879132e-05,1.1935390279770688e-15,3.0064144260976543e-26
9.08,2.4489644094562484e-05,1.0418170558260375e-15,2.3264220950874076e-26
9.09,2.3681799611791245e-05,9.090287748533955e-16,1.7988911935188512e-26
9.1,2.2897634900051496e-05,7.928570400207239e-16,1.3899447259683377e-26
9.11,2.213656170515699e-05,6.912624870075275e-16,1.0731636499293308e-26
9.120000000000001,2.1398002861353353e-05,6.024509550264464e-16,8.27960663541512e-27
9.13,2.068139219350062e-05,5.248446415860536e-16,6.383051022518878e-27
9.14,1.9986174416474856e-05,4.570565723205229e-16,4.917239086951176e-27
9.15,1.931180503193002e-05,3.9786801432167523e-16,3.7851950724196796e-27
9.16,1.8657750222567332e-05,3.4620850194372954e-16,2.911579631317653e-27
9.17,1.8023486744038856e-05,3.011381802907523e-16,2.237907221393873e-27
9.18,1.7408501814637946e-05,2.6183220398571406e-16,1.7188105636019785e-27
9.19,1.6812293002893315e-05,2.2756695774980614e-16,1.319125190010983e-27
9.200000000000001,1.6234368113212636e-05,1.9770789115363672e-16,1.0116158088010629e-27
9.21,1.5674245069696855e-05,1.7169878295552034e-16,7.752045734406884e-28
9.22,1.5131451798251046e-05,1.4905227100870427e-16,5.935915357802154e-28
9.23,1.460552610712631e-05,1.2934150205827844e-16,4.541813080158413e-28
9.24,1.4096015566004262e-05,1.1219277209226615e-16,3.4724861816504827e-28
9.25,1.3602477383744016e-05,9.727904247355955e-17,2.652900953374235e-28
9.26,1.3124478284920073e-05,8.431423004520633e-17,2.025211163739223e-28
9.27,1.2661594385248922e-05,7.304818094269892e-17,1.5448555711976172e-28
9.28,1.2213411066029888e-05,6.326224811507845e-17,1.1775335061942614e-28
9.290000000000001,1.1779522847700578e-05,5.4765401687396184e-17,8.968627954396413e-29
9.3,1.1359533262620904e-05,4.739080941362132e-17,6.825675106759237e-29
9.31,1.0953054727180786e-05,4.09928316802746e-17,5.190767890707658e-29
9.32,1.0559708413339937e-05,3.5444381925167076e-17,3.9444233618243464e-29
9.33,1.0179124119697447e-05,3.0634609020614087e-17,2.995027908114709e-29
9.34,9.810940142181999e-06,2.6466863214314665e-17,2.2723916503334275e-29
9.35,9.454803144461262e-06,2.2856911694766054e-17,1.722780618316437e-29
9.36,9.110368028162098e-06,1.9731373813582378e-17,1.3050909286340228e-29
9.370000000000001,8.777297802979761e-06,1.7026349510990203e-17,9.879047780073004e-30
9.38,8.455263456777656e-06,1.4686217602991647e-17,7.472268016941144e-30
9.39,8.143943825742084e-06,1.266258334373941e-17,5.647449475037176e-30
9.4,7.843025464687502e-06,1.0913357114702473e-17,4.264953921893777e-30
9.41,7.552202517581119e-06,9.401948248529581e-18,3.218384482288218e-30
9.42,7.271176588361874e-06,8.096559901830647e-18,2.426736469064802e-30
9.43,6.9996566121307334e-06,6.969572575806415e-18,1.8283861908742713e-30
9.44,6.737358726778707e-06,5.997005371567339e-18,1.3764910368183011e-30
9.450000000000001,6.484006145117367e-06,5.1580453807464594e-18,1.0354723262749649e-30
9.46,6.239329027582644e-06,4.434636771317936e-18,7.783282115991057e-31
9.47,6.003064355569637e-06,3.811122151152713e-18,5.845823891781175e-31
9.48,5.774955805455937e-06,3.2739296934465364e-18,4.387194364476547e-31
9.49,5.554753623379449e-06,2.811300302759173e-18,3.289922941369406e-31
9.5,5.342214500813131e-06,2.4130498002783727e-18,2.465141142922516e-31
9.51,5.137101451000178e-06,2.0703617232326352e-18,1.8456722313010284e-31
9.52,4.9391836862939335e-06,1.7756068756918764e-18,1.380777174980571e-31
9.53,4.748236496449023e-06,1.5221862451197735e-18,1.0321631786426933e-31
9.540000000000001,4.564041127914435e-06,1.304394318520334e-18,7.709538368096702e-32
9.55,4.386384664166433e-06,1.117300200716662e-18,5.753911037009453e-32
9.56,4.215059907124855e-06,9.566442611682865e-19,4.290937359193322e-32
9.57,4.049865259691271e-06,8.187483201260893e-19,3.1973853081405373e-32
9.58,3.890604609445409e-06,7.0043763451487515e-19,2.380625325239227e-32
9.59,3.7370872135333473e-06,5.989731628993715e-19,1.771087026233877e-32
9.6,3.5891275847816223e-06,5.1199278088584e-19,1.316561151064943e-32
9.61,3.44654537906717e-06,4.374602865941928e-19,9.7789889316593e-33
9.620000000000001,3.3091652839695274e-06,3.7362118325637634e-19,7.257685755825993e-33
9.63,3.1768169087351976e-06,3.189643550912381e-19,5.3821172415882465e-33
9.64,3.0493346755764418e-06,2.7218886559312194e-19,3.988030186505408e-33
9.65,2.9265577123268094e-06,2.3217520622078236e-19,2.952660464791121e-33
9.66,2.80832974647648e-06,1.9796040991087117e-19,2.184328084096934e-33
9.67,2.6944990006056865e-06,1.6871651939121289e-19,1.614622563454962e-33
9.68,2.584918089231232e-06,1.437319662736624e-19,1.1925386129474583e-33
9.69,2.479443917086701e-06,1.223954745448406e-19,8.800790132025903e-34
9.700000000000001,2.377937578845699e-06,1.0418215238114612e-19,6.489603425700261e-34
9.71,2.2802642603035774e-06,8.864148010631231e-20,4.781469899970218e-34
9.72,2.186293141027943e-06,7.538694038383144e-20,3.520067273715156e-34
9.73,2.0958972984864344e-06,6.408707009796429e-20,2.589323212868651e-34
9.74,2.0089536136614408e-06,5.445774244242873e-20,1.9031228480443667e-34
9.75,1.925342678156682e-06,4.6255513045967884e-20,1.3976297354284634e-34
9.76,1.8449487028027358e-06,3.927188599542957e-20,1.0255614389233372e-34
9.77,1.7676594277633924e-06,3.332837478352815e-20,7.519257676328837e-35
9.78,1.693366034146787e-06,2.8272249876847385e-20,5.508476197173618e-35
9.790000000000001,1.6219630571232548e-06,2.397287908725512e-20,4.032094488063404e-35
9.8,1.5533483005475487e-06,2.031857951708226e-20,2.9489820434937575e-35
9.81,1.4874227530875356e-06,1.7213910779020573e-20,2.1550395632338075e-35
9.82,1.424090505855747e-06,1.4577348679365228e-20,1.5735463752544208e-35
9.83,1.3632586715398097e-06,1.2339286784543944e-20,1.1480069390528492e-35
9.84,1.3048373050300427e-06,1.044032042915245e-20,8.368538772545521e-36
9.85,1.2487393255363083e-06,8.829773910683962e-21,6.095290248406911e-36
9.86,1.194880440190162e-06,7.464436976689435e-21,4.4358645129112886e-36
9.870000000000001,1.1431790691243598e-06,6.30748135190139e-21,3.22552760000356e-36
9.88,1.0935562720214382e-06,5.327532070770029e-21,2.3434804943284898e-36
9.89,1.0459356761237774e-06,4.4978718569114864e-21,1.7012161521097846e-36
9.9,1.0002434056949897e-06,3.795759796890064e-21,1.2339418883889884e-36
9.91,9.56408012922007e-07,3.2018481539081157e-21,8.942654540281498e-37
9.92,9.143604102482085e-07,2.6996834116215756e-21,6.4755135696181244e-37
9.93,8.740338041242969e-07,2.2752795765855006e-21,4.68508504026275e-37
9.94,8.353636301661735e-07,1.916753440862757e-21,3.3868480646731765e-37
9.950000000000001,7.982874897059555e-07,1.6140129496217757e-21,2.446292616192795e-37
9.96,7.627450877230923e-07,1.3584910631612762e-21,1.765448387980005e-37
9.97,7.286781721414274e-07,1.1429185754968005e-21,1.27301949609062e-37
9.98,6.96030474478058e-07,9.611302757912397e-22,9.171660445661289e-38
9.99,6.647476518283539e-07,8.078996346638388e-22,6.602269377006851e-38
10.0,6.34777230172547e-07,6.787978823115612e-22,4.748652015041201e-38
10.01,6.060685489874317e-07,5.700739345649931e-22,3.4125479143213867e-38
10.02,5.78572707147299e-07,4.785521296317178e-22,2.4502926113011736e-38
10.03,5.522425100974343e-07,4.0154517369434777e-22,1.7578725934407718e-38
10.040000000000001,5.270324182834453e-07,3.367800675824535e-22,1.260046474573218e-38
10.05,5.028984968189521e-07,2.8233510790078756e-22,9.024329129412572e-39
10.06,4.797983663745008e-07,2.3658633163650568e-22,6.457612085811512e-39
10.07,4.576911552700315e-07,1.9816200971066117e-22,4.616970643315499e-39
10.08,4.36537452752546e-07,1.6590399766998805e-22,3.298145985835135e-39
10.09,4.162992634415165e-07,1.3883492545454717e-22,2.3540176023863384e-39
10.1,3.969399629233674e-07,1.1613035699912128e-22,1.678711529685309e-39
10.11,3.7842425447656e-07,9.709517784568522e-23,1.1961026229885779e-39
10.120000000000001,3.607181269091569e-07,8.114357798526202e-23,8.515031911371898e-40
10.13,3.4378881348976336e-07,6.778209041634151e-23,6.056602188955372e-40
10.14,3.2760475195338886e-07,5.659522564747855e-23,4.3042373765697526e-40
10.15,3.121355455634811e-07,4.723331051210242e-23,3.0562384748209864e-40
10.16,2.973519252110895e-07,3.940219786440214e-23,2.1682112042275487e-40
10.17,2.832257125324967e-07,3.2854563411839557e-23,1.536875589531913e-40
10.18,2.697297840264369e-07,2.738254833748204e-23,1.0884239374968099e-40
10.19,2.5683803615201175e-07,2.2811542525966385e-23,7.70156809982902e-41
10.200000000000001,2.4452535138845514e-07,1.8994934032961172e-23,5.444793308369165e-41
10.21,2.3276756523810217e-07,1.5809676703830787e-23,3.8459555201338477e-41
10.22,2.2154143415376252e-07,1.3152550216592545e-23,2.714233429038574e-41
10.23,2.1082460437182656e-07,1.0937005865910833e-23,1.913857809117604e-41
10.24,2.005955816326036e-07,9.090507606134214e-24,1.3483142786929415e-41
10.25,1.9083370176952827e-07,7.55229164907216e-24,9.490542665815446e-42
10.26,1.8151910214858644e-07,6.271479623273539e-24,6.674348195102549e-42
10.27,1.7263269394018808e-07,5.205490251197401e-24,4.6896888445374e-42
10.28,1.6415613520494406e-07,4.31870294951671e-24,3.2922742560962703e-42
10.290000000000001,1.5607180477575287e-07,3.5813339289463815e-24,2.3092143297541548e-42
10.3,1.4836277691828192e-07,2.9684914535058964e-24,1.61825960533575e-42
10.31,1.410127967521223e-07,2.4593820775764588e-24,1.1330453835466253e-42
10.32,1.3400625641537163e-07,2.0366440509667548e-24,7.926127062287878e-43
10.33,1.2732817195528286e-07,1.6857877855900607e-24,5.5397327782018594e-43
10.34,1.2096416092780574e-07,1.3947264129672568e-24,3.8683887497425655e-43
10.35,1.1490042068935285e-07,1.1533821153527677e-24,2.6988849047731322e-43
10.36,1.0912370736394245e-07,9.533561577982692e-25,1.8812695267755895e-43
10.370000000000001,1.0362131546930979e-07,7.876524461008756e-25,1.3101756599035401e-43
10.38,9.838105818578263e-08,6.504460390938247e-25,9.116315101958885e-44
10.39,9.339124825178343e-08,5.368893980919301e-25,6.337527664858261e-44
10.4,8.864067947027719e-08,4.4295029962431875e-25,4.401802887277152e-44
10.41,8.411860881051469e-08,3.6527630229024646e-25,3.054576027820746e-44
10.42,7.981473908973246e-08,3.0108147216172324e-25,2.1177776202600417e-44
10.43,7.5719202219738e-08,2.480517569585822e-25,1.4669600217726157e-44
10.44,7.182254300349619e-08,2.0426597702334056e-25,1.01522931826601e-44
10.450000000000001,6.811570346710665e-08,1.6812988769153522e-25,7.019681569722468e-45
10.46,6.459000771278045e-08,1.3832117718741555e-25,4.849282663299888e-45
10.47,6.123714727871835e-08,1.1374360870452583e-25,3.3469086004786257e-45
10.48,5.804916699197768e-08,9.348880502418038e-26,2.307894261684764e-45
10.49,5.501845130072934e-08,7.680441749300106e-26,1.5899852683819273e-45
10.5,5.213771107252388e-08,6.306762569499402e-26,1.0943969335441101e-45
10.51,4.9399970845407686e-08,5.176308586146733e-26,7.525938119024933e-46
10.52,4.679855651908031e-08,4.2464590154356644e-26,5.170706191366218e-46
10.53,4.4327083473429015e-08,3.481981981522445e-26,3.5492938344262185e-46
10.540000000000001,4.197944510206746e-08,2.8537676490026166e-26,2.434088452439578e-46
10.55,3.974980174881613e-08,2.3377760934907346e-26,1.6677559420237054e-46
10.56,3.7632570035207916e-08,1.914163940651254e-26,1.1416416570144443e-46
10.57,3.562241256742788e-08,1.5665597554605383e-26,7.807782694072704e-47
10.58,3.37142280113448e-08,1.2814631426879359e-26,5.334892303477919e-47
10.59,3.1903141524487016e-08,1.0477466833292767e-26,3.641858373753378e-47
10.6,3.0184495534117036e-08,8.562433117808372e-27,2.4838155015660993e-47
10.61,2.855384085077669e-08,6.994046457178776e-27,1.6924425076047264e-47
10.620000000000001,2.7006928106938967e-08,5.710182080019691e-27,1.1521426474573885e-47
10.63,2.553969951060086e-08,4.659735056606801e-27,7.836023727378738e-48
10.64,2.414828090394283e-08,3.800686206595526e-27,5.324536613754847e-48
10.65,2.2828974117397827e-08,3.0985037585140657e-27,3.6146304447843756e-48
10.66,2.1578249609678847e-08,2.5248231327500656e-27,2.4515537416356794e-48
10.67,2.0392739384593145e-08,2.0563569956067425e-27,1.6611688818603153e-48
10.68,1.926923017567575e-08,1.6739958695426696e-27,1.1245542982886887e-48
10.69,1.8204656889881392e-08,1.3620663551158606e-27,7.605727592169014e-49
10.700000000000001,1.719609630185369e-08,1.1077196502117372e-27,5.1391845820748966e-49
10.71,1.624076099044262e-08,9.004277315153671e-28,3.469286749908229e-49
10.72,1.5335993509414366e-08,7.315684504505451e-28,2.3397967174009857e-49
10.73,1.4479260784479318e-08,5.940840233755683e-28,1.5765488160735445e-49
10.74,1.366814872898979e-08,4.822000742776834e-28,1.061273938366638e-49
10.75,1.2900357070853412e-08,3.911946098388834e-28,7.137362790147574e-50
10.76,1.2173694383432051e-08,3.1720814850536983e-28,4.795541523244947e-50
10.77,1.1486073313372466e-08,2.5708775126413443e-28,3.2190414054689303e-50
10.78,1.0835505998540152e-08,2.082589656617788e-28,2.158757732809935e-50
10.790000000000001,1.02200996693862e-08,1.6862074072212636e-28,1.446335671282905e-50
10.8,9.638052427307707e-09,1.3645923588584403e-28,9.681029583354203e-51
10.81,9.087649193718252e-09,1.103771627320877e-28,6.473820680586829e-51
10.82,8.567257823732165e-09,8.923588968460632e-29,4.324997509506579e-51
10.83,8.075325378569218e-09,7.210802845122194e-29,2.886666044814028e-51
10.84,7.610374550930278e-09,5.82386242877058e-29,1.9248288487663776e-51
10.85,7.171000237785795e-09,4.7013405003489106e-29,1.2822478939619747e-51
10.86,6.755866255186599e-09,3.793281812125556e-29,8.533664711313294e-52
10.870000000000001,6.3637021898661526e-09,3.059081187157334e-29,5.673907702410785e-52
10.88,5.993300382566183e-09,2.465750212269988e-29,3.768872736083222e-52
10.89,5.643513038178785e-09,1.9865020852593202e-29,2.5010512811072395e-52
10.9,5.3132494579484756e-09,1.599596810981334e-29,1.65811649696641e-52
10.91,5.001473389133022e-09,1.287399333570376e-29,1.0982171093221464e-52
10.92,4.7072004876620765e-09,1.0356117364059836e-29,7.2667713055099155e-53
10.93,4.42949588948674e-09,8.326476626098369e-30,4.803682574431181e-53
10.94,4.167471886440664e-09,6.691228753283433e-30,3.1723860495217847e-53
10.950000000000001,3.920285702584091e-09,5.374406105660234e-30,2.093033020039802e-53
10.96,3.6871373671237303e-09,4.3145425887065684e-30,1.3795703259382145e-53
10.97,3.467267680137783e-09,3.461930966846871e-30,9.084242538811548e-54
10.98,3.259956267462097e-09,2.7763939811477174e-30,5.975993344070545e-54
10.99,3.064519721214574e-09,2.2254739576477554e-30,3.9274203994127656e-54
11.0,2.8803098225555674e-09,1.782963095891316e-30,2.5785762244060244e-54
11.01,2.706711843401041e-09,1.4277109494980384e-30,1.6913256885013953e-54
11.02,2.543142923917305e-09,1.1426573239300873e-30,1.1082777060010844e-54
11.03,2.389050522735448e-09,9.140483911296285e-31,7.255100301560484e-55
11.040000000000001,2.2439109369359857e-09,7.308016428134338e-31,4.7447256630022066e-55
11.05,2.107227888953697e-09,5.839916912351298e-31,3.0999239842355744e-55
11.06,1.978531177656167e-09,4.66434138695856e-31,2.0233109023031196e-55
11.07,1.8573753909497454e-09,3.7234898871922803e-31,1.319305055536511e-55
11.08,1.74333867736086e-09,2.970885378730859e-31,8.594057319599568e-56
11.09,1.636021574132545e-09,2.3691751135432226e-31,5.592694097852823e-56
11.1,1.5350458894691898e-09,1.8883550531935962e-31,3.6359095449643545e-56
11.11,1.4400536366480459e-09,1.5043367085356626e-31,2.3614222133104063e-56
11.120000000000001,1.3507060178004385e-09,1.197790972513404e-31,1.532153123112185e-56
11.13,1.2666824552497445e-09,9.532159037305758e-32,9.931115486384401e-57
11.14,1.187679668371695e-09,7.581854793772778e-32,6.430734949884791e-57
11.15,1.113410794019078e-09,6.027445073397837e-32,4.1599612454706676e-57
11.16,1.0436045486296732e-09,4.7892152023228867e-32,2.688335308355305e-57
11.17,9.780044302063332e-10,3.803368553685459e-32,1.7355712319297283e-57
11.18,9.16367958430305e-10,3.018874881712494e-32,1.1193494313544307e-57
11.19,8.584659512345304e-10,2.394937227779294e-32,7.211947116551329e-58
11.200000000000001,8.040818362305677e-10,1.898957079255667e-32,4.641970439791657e-58
11.21,7.530109954462936e-10,1.5049006499078397e-32,2.984795418022809e-58
11.22,7.050601418911903e-10,1.191987912153712e-32,1.9172930778008666e-58
11.23,6.600467265266237e-10,9.436411832817721e-33,1.230335481722248e-58
11.24,6.177983742755989e-10,7.4664232999591e-33,7.88713138688877e-59
11.25,5.781523477602895e-10,5.9045756091187784e-33,5.050966127215619e-59
11.26,5.409550375106156e-10,4.666967736114124e-33,3.231387652663799e-59
11.27,5.060614774373621e-10,3.6868087563854526e-33,2.065200686634812e-59
11.28,4.733348844132399e-10,2.9109570276024257e-33,1.318540347494719e-59
11.290000000000001,4.4264622085327835e-10,2.2971535228649632e-33,8.409727397910797e-60
11.3,4.1387377923189215e-10,1.811811282325552e-33,5.358301065292771e-60
11.31,3.8690278751813804e-10,1.4282501564731919e-33,3.410581010607595e-60
11.32,3.616250345542623e-10,1.1252879064017355e-33,2.1686279863617304e-60
11.33,3.379385144427958e-10,8.861163330938012e-34,1.3775156488928047e-60
11.34,3.1574708904828495e-10,6.974052601924943e-34,8.741021383204386e-61
11.35,2.9496016775710366e-10,5.485885642880517e-34,5.540913175800945e-61
11.36,2.7549240367624897e-10,4.312955756137899e-34,3.50875779040359e-61
11.370000000000001,2.5726340548693534e-10,3.3889849774294856e-34,2.2196151388049e-61
11.38,2.401974642033824e-10,2.6615237032986417e-34,1.4026637387974384e-61
11.39,2.242232941194334e-10,2.089088086266629e-34,8.854833997434067e-62
11.4,2.0927378725752393e-10,1.6388852664174047e-34,5.584156717507772e-62
11.41,1.9528578066476253e-10,1.2850067194313836e-34,3.5179077751519304e-62
11.42,1.821998359297196e-10,1.0069941778190728e-34,2.2139119035915347e-62
11.43,1.6996003032173242e-10,7.887019187831804e-35,1.3918249256512546e-62
11.44,1.5851375898134608e-10,6.173946690923705e-35,8.740909579896658e-63
11.450000000000001,1.4781154761611377e-10,4.830327261152214e-35,5.483725946222014e-63
11.46,1.3780687518083561e-10,3.7770575423120947e-35,3.4366974964322236e-63
11.47,1.2845600604507762e-10,2.9518458435772857e-35,2.1515560860808148e-63
11.48,1.1971783117348743e-10,2.3056662003836912e-35,1.3455789620556335e-63
11.49,1.1155371786626389e-10,1.7999545605113071e-35,8.406403008789194e-64
11.5,1.0392736762813106e-10,1.4043930087450107e-35,5.246323600505774e-64
11.51,9.680468175420645e-11,1.0951596761589255e-35,3.2707183048361964e-64
11.52,9.015363424029511e-11,8.5354723221037e-36,2.036918971636111e-64
11.53,8.394415164366356e-11,6.648729416150238e-36,1.2672031853783536e-64
11.540000000000001,7.814799953798219e-11,5.1761923214287114e-36,7.875171039217346e-65
11.55,7.273867522287232e-11,4.0275640189835554e-36,4.888935574669184e-65
11.56,6.769130636483405e-11,3.132091642318062e-36,3.0318559081739445e-65
11.57,6.29825552617241e-11,2.434367189411663e-36,1.8782009937110724e-65
11.58,5.859052843765368e-11,1.8910237552537998e-36,1.1622891454663155e-65
11.59,5.4494691289550215e-11,1.4681377721791151e-36,7.184958194843534e-66
11.6,5.0675787519909915e-11,1.1391875359994916e-36,4.436817816638428e-66
11.61,4.7115763103404166e-11,8.834497992604284e-37,2.7368788433107035e-66
11.620000000000001,4.3797694547252806e-11,6.847411406461231e-37,1.686457929510769e-66
11.63,4.070572121709206e-11,5.30430532909992e-37,1.0380798253225311e-66
11.64,3.78249815114228e-11,4.1066511250030135e-37,6.382937989260644e-67
11.65,3.5141552678419015e-11,3.177634615532416e-37,3.920527187061118e-67
11.66,3.264239407917401e-11,2.4574042922676813e-37,2.4054792685501745e-67
11.67,3.031529371133282e-11,1.899351855930283e-37,1.4743187998829662e-67
11.68,2.8148817816336433e-11,1.467202465516154e-37,9.026370531040337e-68
11.69,2.6132263402520906e-11,1.132739724885473e-37,5.520344875615596e-68
11.700000000000001,2.4255613524777827e-11,8.740279595216674e-38,3.3724839628934392e-68
11.71,2.2509495169629874e-11,6.740238758932972e-38,2.0580860749723618e-68
11.72,2.0885139602315124e-11,5.194929357829536e-38,1.2546034046130587e-68
11.73,1.937434503984813e-11,4.0016405105319404e-38,7.639729869514811e-69
11.74,1.7969441521054197e-11,3.080705637596607e-38,4.64705147820277e-69
11.75,1.6663257851277828e-11,2.370367539732146e-38,2.823606863492488e-69
11.76,1.5449090505822693e-11,1.8227796947148222e-38,1.713789837804595e-69
11.77,1.4320674382267928e-11,1.4008941530049875e-38,1.0390508688512538e-69
11.78,1.3272155297566683e-11,1.0760408515787266e-38,6.292761772890711e-70
11.790000000000001,1.229806413133754e-11,8.260458210736293e-39,3.806889995157419e-70
11.8,1.1393292521973566e-11,6.337691641634054e-39,2.3005053108774826e-70
11.81,1.0553070027182709e-11,4.8596982495600375e-39,1.3886709428450324e-70
11.82,9.772942665279132e-12,3.7242461648654167e-39,8.373325421107505e-71
11.83,9.04875275804674e-12,2.8524495717334722e-39,5.043342037000875e-71
11.84,8.376620000269575e-12,2.18347254411845e-39,3.034310522369158e-71
11.85,7.75292368506405e-12,1.670426234341078e-39,1.823568519967299e-71
11.86,7.174286018006651e-12,1.2771923773487764e-39,1.0947222046115588e-71
11.870000000000001,6.637556456714283e-12,9.759654074369058e-40,6.564548460146508e-72
11.88,6.139797015992396e-12,7.453517294998191e-40,3.9320967358089685e-72
11.89,5.678268481962732e-12,5.689007095586831e-40,2.3526712396280716e-72
11.9,5.250417481722565e-12,4.339699924968743e-40,1.4060971199978668e-72
11.91,4.8538643580296726e-12,3.3084957325277e-40,8.394324020037047e-73
11.92,4.486391801335085e-12,2.5208601286377012e-40,5.0057802749283447e-73
11.93,4.1459341941448015e-12,1.919613744048273e-40,2.981760707410347e-73
11.94,3.830567625220988e-12,1.460916928094768e-40,1.77414066293164e-73
11.950000000000001,3.538500533521697e-12,1.1111773979771357e-40,1.0544278682088147e-73
11.96,3.268064944053739e-12,8.446700991862554e-41,6.25977277943614e-74
11.97,3.0177082599566505e-12,6.417063296967587e-41,3.712038178054532e-74
11.98,2.785985577170157e-12,4.872262095894047e-41,2.1987597249378967e-74
11.99,2.5715524899643303e-12,3.697172502253701e-41,1.3009298778260051e-74
12.0,2.373158357435448e-12,2.803839655301345e-41,7.688472742284023e-75
